<metadata xml:lang="en">
	<Esri>
		<CreaDate>20231031</CreaDate>
		<CreaTime>14475900</CreaTime>
		<ArcGISFormat>1.0</ArcGISFormat>
		<SyncOnce>FALSE</SyncOnce>
		<DataProperties>
			<itemProps>
				<itemName Sync="TRUE">school_district_boundaries</itemName>
				<imsContentType Sync="TRUE">002</imsContentType>
				<itemLocation>
					<linkage Sync="TRUE">file://\\g46palgdrftp001\Z\var\ftp\gdrs_temp\update\us_mn_state_mde\bdry_school_district_boundaries\shp\school_district_boundaries.shp</linkage>
					<protocol Sync="TRUE">Local Area Network</protocol>
				</itemLocation>
				<itemSize Sync="TRUE">0.000</itemSize>
			</itemProps>
			<coordRef>
				<type Sync="TRUE">Projected</type>
				<geogcsn Sync="TRUE">GCS_North_American_1983</geogcsn>
				<csUnits Sync="TRUE">Linear Unit: Meter (1.000000)</csUnits>
				<projcsn Sync="TRUE">NAD_1983_UTM_Zone_15N</projcsn>
				<peXml Sync="TRUE">&lt;ProjectedCoordinateSystem xsi:type='typens:ProjectedCoordinateSystem' xmlns:xsi='http://www.w3.org/2001/XMLSchema-instance' xmlns:xs='http://www.w3.org/2001/XMLSchema' xmlns:typens='http://www.esri.com/schemas/ArcGIS/10.4'&gt;&lt;WKT&gt;PROJCS[&amp;quot;NAD_1983_UTM_Zone_15N&amp;quot;,GEOGCS[&amp;quot;GCS_North_American_1983&amp;quot;,DATUM[&amp;quot;D_North_American_1983&amp;quot;,SPHEROID[&amp;quot;GRS_1980&amp;quot;,6378137.0,298.257222101]],PRIMEM[&amp;quot;Greenwich&amp;quot;,0.0],UNIT[&amp;quot;Degree&amp;quot;,0.0174532925199433]],PROJECTION[&amp;quot;Transverse_Mercator&amp;quot;],PARAMETER[&amp;quot;False_Easting&amp;quot;,500000.0],PARAMETER[&amp;quot;False_Northing&amp;quot;,0.0],PARAMETER[&amp;quot;Central_Meridian&amp;quot;,-93.0],PARAMETER[&amp;quot;Scale_Factor&amp;quot;,0.9996],PARAMETER[&amp;quot;Latitude_Of_Origin&amp;quot;,0.0],UNIT[&amp;quot;Meter&amp;quot;,1.0],AUTHORITY[&amp;quot;EPSG&amp;quot;,26915]]&lt;/WKT&gt;&lt;XOrigin&gt;-5120900&lt;/XOrigin&gt;&lt;YOrigin&gt;-9998100&lt;/YOrigin&gt;&lt;XYScale&gt;450445547.3910538&lt;/XYScale&gt;&lt;ZOrigin&gt;-100000&lt;/ZOrigin&gt;&lt;ZScale&gt;10000&lt;/ZScale&gt;&lt;MOrigin&gt;-100000&lt;/MOrigin&gt;&lt;MScale&gt;10000&lt;/MScale&gt;&lt;XYTolerance&gt;0.001&lt;/XYTolerance&gt;&lt;ZTolerance&gt;0.001&lt;/ZTolerance&gt;&lt;MTolerance&gt;0.001&lt;/MTolerance&gt;&lt;HighPrecision&gt;true&lt;/HighPrecision&gt;&lt;WKID&gt;26915&lt;/WKID&gt;&lt;LatestWKID&gt;26915&lt;/LatestWKID&gt;&lt;/ProjectedCoordinateSystem&gt;</peXml>
			</coordRef>
			<lineage>
				<Process ToolSource="c:\program files\arcgis\pro\Resources\ArcToolbox\toolboxes\Conversion Tools.tbx\ExportFeatures" Date="20231031" Time="144806">ExportFeatures v_bdry_school_district_boundaries C:\GISProject\GDRS_Staging\bdry_school_district_boundaries\fgdb\bdry_school_district_boundaries.gdb\school_district_boundaries # NOT_USE_ALIAS "SDORGID "SDORGID" true true false 8 Double 0 19,First,#,v_bdry_school_district_boundaries,SDORGID,-1,-1;FORMID "FORMID" true true false 30 Text 0 0,First,#,v_bdry_school_district_boundaries,FORMID,0,30;SDTYPE "SDTYPE" true true false 2 Text 0 0,First,#,v_bdry_school_district_boundaries,SDTYPE,0,2;SDNUMBER "SDNUMBER" true true false 4 Text 0 0,First,#,v_bdry_school_district_boundaries,SDNUMBER,0,4;PREFNAME "PREFNAME" true true false 100 Text 0 0,First,#,v_bdry_school_district_boundaries,PREFNAME,0,100;SHORTNAME "SHORTNAME" true true false 50 Text 0 0,First,#,v_bdry_school_district_boundaries,SHORTNAME,0,50;WEB_URL "WEB_URL" true true false 200 Text 0 0,First,#,v_bdry_school_district_boundaries,WEB_URL,0,200;SQMILES "SQMILES" true true false 8 Double 8 38,First,#,v_bdry_school_district_boundaries,SQMILES,-1,-1;ACRES "ACRES" true true false 8 Double 8 38,First,#,v_bdry_school_district_boundaries,ACRES,-1,-1" #</Process>
				<Process ToolSource="C:\program files\arcgis\server\ArcToolbox\Toolboxes\Conversion Tools.tbx\FeatureClassToFeatureClass" Date="20231107" Time="000621">FeatureClassToFeatureClass /var/ftp/gdrs_temp/update\us_mn_state_mde\bdry_school_district_boundaries\fgdb\bdry_school_district_boundaries.gdb\school_district_boundaries /var/ftp/gdrs_temp/update\us_mn_state_mde\bdry_school_district_boundaries\shp school_district_boundaries.shp # "SDORGID "SDORGID" true true false 8 Double 0 0 ,First,#,/var/ftp/gdrs_temp/update\us_mn_state_mde\bdry_school_district_boundaries\fgdb\bdry_school_district_boundaries.gdb\school_district_boundaries,SDORGID,-1,-1;FORMID "FORMID" true true false 30 Text 0 0 ,First,#,/var/ftp/gdrs_temp/update\us_mn_state_mde\bdry_school_district_boundaries\fgdb\bdry_school_district_boundaries.gdb\school_district_boundaries,FORMID,-1,-1;SDTYPE "SDTYPE" true true false 2 Text 0 0 ,First,#,/var/ftp/gdrs_temp/update\us_mn_state_mde\bdry_school_district_boundaries\fgdb\bdry_school_district_boundaries.gdb\school_district_boundaries,SDTYPE,-1,-1;SDNUMBER "SDNUMBER" true true false 4 Text 0 0 ,First,#,/var/ftp/gdrs_temp/update\us_mn_state_mde\bdry_school_district_boundaries\fgdb\bdry_school_district_boundaries.gdb\school_district_boundaries,SDNUMBER,-1,-1;PREFNAME "PREFNAME" true true false 100 Text 0 0 ,First,#,/var/ftp/gdrs_temp/update\us_mn_state_mde\bdry_school_district_boundaries\fgdb\bdry_school_district_boundaries.gdb\school_district_boundaries,PREFNAME,-1,-1;SHORTNAME "SHORTNAME" true true false 50 Text 0 0 ,First,#,/var/ftp/gdrs_temp/update\us_mn_state_mde\bdry_school_district_boundaries\fgdb\bdry_school_district_boundaries.gdb\school_district_boundaries,SHORTNAME,-1,-1;WEB_URL "WEB_URL" true true false 200 Text 0 0 ,First,#,/var/ftp/gdrs_temp/update\us_mn_state_mde\bdry_school_district_boundaries\fgdb\bdry_school_district_boundaries.gdb\school_district_boundaries,WEB_URL,-1,-1;SQMILES "SQMILES" true true false 8 Double 0 0 ,First,#,/var/ftp/gdrs_temp/update\us_mn_state_mde\bdry_school_district_boundaries\fgdb\bdry_school_district_boundaries.gdb\school_district_boundaries,SQMILES,-1,-1;ACRES "ACRES" true true false 8 Double 0 0 ,First,#,/var/ftp/gdrs_temp/update\us_mn_state_mde\bdry_school_district_boundaries\fgdb\bdry_school_district_boundaries.gdb\school_district_boundaries,ACRES,-1,-1;Shape_Leng "Shape_Leng" false true true 8 Double 0 0 ,First,#,/var/ftp/gdrs_temp/update\us_mn_state_mde\bdry_school_district_boundaries\fgdb\bdry_school_district_boundaries.gdb\school_district_boundaries,Shape_Length,-1,-1;Shape_Area "Shape_Area" false true true 8 Double 0 0 ,First,#,/var/ftp/gdrs_temp/update\us_mn_state_mde\bdry_school_district_boundaries\fgdb\bdry_school_district_boundaries.gdb\school_district_boundaries,Shape_Area,-1,-1" #</Process>
			</lineage>
		</DataProperties>
		<SyncDate>20231107</SyncDate>
		<SyncTime>00062100</SyncTime>
		<ModDate>20231107</ModDate>
		<ModTime>00062100</ModTime>
	</Esri>
	<dataIdInfo>
		<envirDesc Sync="TRUE">Microsoft Windows XP Professional x64 Edition Version 5.2 (Build 3790) Service Pack 2; Esri ArcGIS 10.4.1.5686</envirDesc>
		<dataLang>
			<languageCode value="en" Sync="TRUE"/>
			<countryCode value="US" Sync="TRUE"/>
		</dataLang>
		<idCitation>
			<resTitle Sync="TRUE">school_district_boundaries</resTitle>
			<presForm>
				<PresFormCd value="005" Sync="TRUE"/>
			</presForm>
		</idCitation>
		<spatRpType>
			<SpatRepTypCd value="001" Sync="TRUE"/>
		</spatRpType>
	</dataIdInfo>
	<mdLang>
		<languageCode value="en" Sync="TRUE"/>
		<countryCode value="US" Sync="TRUE"/>
	</mdLang>
	<distInfo>
		<distFormat>
			<formatName Sync="TRUE">Shapefile</formatName>
		</distFormat>
		<distTranOps>
			<transSize Sync="TRUE">0.000</transSize>
		</distTranOps>
	</distInfo>
	<mdHrLv>
		<ScopeCd value="005" Sync="TRUE"/>
	</mdHrLv>
	<mdHrLvName Sync="TRUE">dataset</mdHrLvName>
	<refSysInfo>
		<RefSystem>
			<refSysID>
				<identCode code="26915" Sync="TRUE"/>
				<idCodeSpace Sync="TRUE">EPSG</idCodeSpace>
				<idVersion Sync="TRUE">6.13(3.0.1)</idVersion>
			</refSysID>
		</RefSystem>
	</refSysInfo>
	<spatRepInfo>
		<VectSpatRep>
			<geometObjs Name="school_district_boundaries">
				<geoObjTyp>
					<GeoObjTypCd value="002" Sync="TRUE"/>
				</geoObjTyp>
				<geoObjCnt Sync="TRUE">0</geoObjCnt>
			</geometObjs>
			<topLvl>
				<TopoLevCd value="001" Sync="TRUE"/>
			</topLvl>
		</VectSpatRep>
	</spatRepInfo>
	<spdoinfo>
		<ptvctinf>
			<esriterm Name="school_district_boundaries">
				<efeatyp Sync="TRUE">Simple</efeatyp>
				<efeageom code="4" Sync="TRUE"/>
				<esritopo Sync="TRUE">FALSE</esritopo>
				<efeacnt Sync="TRUE">0</efeacnt>
				<spindex Sync="TRUE">FALSE</spindex>
				<linrefer Sync="TRUE">FALSE</linrefer>
			</esriterm>
		</ptvctinf>
	</spdoinfo>
	<eainfo>
		<detailed Name="school_district_boundaries">
			<enttyp>
				<enttypl Sync="TRUE">school_district_boundaries</enttypl>
				<enttypt Sync="TRUE">Feature Class</enttypt>
				<enttypc Sync="TRUE">0</enttypc>
			</enttyp>
			<attr>
				<attrlabl Sync="TRUE">FID</attrlabl>
				<attalias Sync="TRUE">FID</attalias>
				<attrtype Sync="TRUE">OID</attrtype>
				<attwidth Sync="TRUE">4</attwidth>
				<atprecis Sync="TRUE">0</atprecis>
				<attscale Sync="TRUE">0</attscale>
				<attrdef Sync="TRUE">Internal feature number.</attrdef>
				<attrdefs Sync="TRUE">Esri</attrdefs>
				<attrdomv>
					<udom Sync="TRUE">Sequential unique whole numbers that are automatically generated.</udom>
				</attrdomv>
			</attr>
			<attr>
				<attrlabl Sync="TRUE">Shape</attrlabl>
				<attalias Sync="TRUE">Shape</attalias>
				<attrtype Sync="TRUE">Geometry</attrtype>
				<attwidth Sync="TRUE">0</attwidth>
				<atprecis Sync="TRUE">0</atprecis>
				<attscale Sync="TRUE">0</attscale>
				<attrdef Sync="TRUE">Feature geometry.</attrdef>
				<attrdefs Sync="TRUE">Esri</attrdefs>
				<attrdomv>
					<udom Sync="TRUE">Coordinates defining the features.</udom>
				</attrdomv>
			</attr>
			<attr>
				<attrlabl Sync="TRUE">SDORGID</attrlabl>
				<attalias Sync="TRUE">SDORGID</attalias>
				<attrtype Sync="TRUE">Double</attrtype>
				<attwidth Sync="TRUE">19</attwidth>
				<atprecis Sync="TRUE">0</atprecis>
				<attscale Sync="TRUE">0</attscale>
			</attr>
			<attr>
				<attrlabl Sync="TRUE">FORMID</attrlabl>
				<attalias Sync="TRUE">FORMID</attalias>
				<attrtype Sync="TRUE">String</attrtype>
				<attwidth Sync="TRUE">30</attwidth>
				<atprecis Sync="TRUE">0</atprecis>
				<attscale Sync="TRUE">0</attscale>
			</attr>
			<attr>
				<attrlabl Sync="TRUE">SDTYPE</attrlabl>
				<attalias Sync="TRUE">SDTYPE</attalias>
				<attrtype Sync="TRUE">String</attrtype>
				<attwidth Sync="TRUE">2</attwidth>
				<atprecis Sync="TRUE">0</atprecis>
				<attscale Sync="TRUE">0</attscale>
			</attr>
			<attr>
				<attrlabl Sync="TRUE">SDNUMBER</attrlabl>
				<attalias Sync="TRUE">SDNUMBER</attalias>
				<attrtype Sync="TRUE">String</attrtype>
				<attwidth Sync="TRUE">4</attwidth>
				<atprecis Sync="TRUE">0</atprecis>
				<attscale Sync="TRUE">0</attscale>
			</attr>
			<attr>
				<attrlabl Sync="TRUE">PREFNAME</attrlabl>
				<attalias Sync="TRUE">PREFNAME</attalias>
				<attrtype Sync="TRUE">String</attrtype>
				<attwidth Sync="TRUE">100</attwidth>
				<atprecis Sync="TRUE">0</atprecis>
				<attscale Sync="TRUE">0</attscale>
			</attr>
			<attr>
				<attrlabl Sync="TRUE">SHORTNAME</attrlabl>
				<attalias Sync="TRUE">SHORTNAME</attalias>
				<attrtype Sync="TRUE">String</attrtype>
				<attwidth Sync="TRUE">50</attwidth>
				<atprecis Sync="TRUE">0</atprecis>
				<attscale Sync="TRUE">0</attscale>
			</attr>
			<attr>
				<attrlabl Sync="TRUE">WEB_URL</attrlabl>
				<attalias Sync="TRUE">WEB_URL</attalias>
				<attrtype Sync="TRUE">String</attrtype>
				<attwidth Sync="TRUE">200</attwidth>
				<atprecis Sync="TRUE">0</atprecis>
				<attscale Sync="TRUE">0</attscale>
			</attr>
			<attr>
				<attrlabl Sync="TRUE">SQMILES</attrlabl>
				<attalias Sync="TRUE">SQMILES</attalias>
				<attrtype Sync="TRUE">Double</attrtype>
				<attwidth Sync="TRUE">19</attwidth>
				<atprecis Sync="TRUE">0</atprecis>
				<attscale Sync="TRUE">0</attscale>
			</attr>
			<attr>
				<attrlabl Sync="TRUE">ACRES</attrlabl>
				<attalias Sync="TRUE">ACRES</attalias>
				<attrtype Sync="TRUE">Double</attrtype>
				<attwidth Sync="TRUE">19</attwidth>
				<atprecis Sync="TRUE">0</atprecis>
				<attscale Sync="TRUE">0</attscale>
			</attr>
			<attr>
				<attrlabl Sync="TRUE">Shape_Leng</attrlabl>
				<attalias Sync="TRUE">Shape_Leng</attalias>
				<attrtype Sync="TRUE">Double</attrtype>
				<attwidth Sync="TRUE">19</attwidth>
				<atprecis Sync="TRUE">0</atprecis>
				<attscale Sync="TRUE">0</attscale>
			</attr>
			<attr>
				<attrlabl Sync="TRUE">Shape_Area</attrlabl>
				<attalias Sync="TRUE">Shape_Area</attalias>
				<attrtype Sync="TRUE">Double</attrtype>
				<attwidth Sync="TRUE">19</attwidth>
				<atprecis Sync="TRUE">0</atprecis>
				<attscale Sync="TRUE">0</attscale>
				<attrdef Sync="TRUE">Area of feature in internal units squared.</attrdef>
				<attrdefs Sync="TRUE">Esri</attrdefs>
				<attrdomv>
					<udom Sync="TRUE">Positive real numbers that are automatically generated.</udom>
				</attrdomv>
			</attr>
		</detailed>
	</eainfo>
	<mdDateSt Sync="TRUE">20231107</mdDateSt>
</metadata>
