<metadata xml:lang="en">
	<Esri>
		<CreaDate>20220621</CreaDate>
		<CreaTime>09330800</CreaTime>
		<ArcGISFormat>1.0</ArcGISFormat>
		<SyncOnce>FALSE</SyncOnce>
		<DataProperties>
			<lineage>
				<Process ToolSource="c:\program files\arcgis\pro\Resources\ArcToolbox\toolboxes\Conversion Tools.tbx\FeatureClassToFeatureClass" Date="20220428" Time="160726">FeatureClassToFeatureClass tribal_areas_dissolve_clip S:\Gosack_Ben.BG\projects\EJ_update_20220401\tempo_data_prep\outputs\data_for_services.gdb ej_tribal_areas # "NAME "NAME" true true false 255 Text 0 0,First,#,tribal_areas_dissolve_clip,tribal_areas_dissolve_clip.NAME,0,255;Shape_Length "Shape_Length" false true true 8 Double 0 0,First,#,tribal_areas_dissolve_clip,tribal_areas_dissolve_clip.Shape_Length,-1,-1;Shape_Area "Shape_Area" false true true 8 Double 0 0,First,#,tribal_areas_dissolve_clip,tribal_areas_dissolve_clip.Shape_Area,-1,-1;GEOID "GEOID" true true false 5 Text 0 0,First,#,tribal_areas_dissolve_clip,tribal_areas_dissolve_clip.GEOID,0,5;OBJECTID "OBJECTID" false true false 4 Long 0 9,First,#,tribal_areas_dissolve_clip,census_tribal_areas.OBJECTID,-1,-1;AIANNHCE "AIANNHCE" true true false 4 Text 0 0,First,#,tribal_areas_dissolve_clip,census_tribal_areas.AIANNHCE,0,4;AIANNHNS "AIANNHNS" true true false 8 Text 0 0,First,#,tribal_areas_dissolve_clip,census_tribal_areas.AIANNHNS,0,8;AFFGEOID "AFFGEOID" true true false 13 Text 0 0,First,#,tribal_areas_dissolve_clip,census_tribal_areas.AFFGEOID,0,13;GEOID_1 "GEOID" true true false 4 Text 0 0,First,#,tribal_areas_dissolve_clip,census_tribal_areas.GEOID,0,4;NAME_1 "NAME" true true false 100 Text 0 0,First,#,tribal_areas_dissolve_clip,census_tribal_areas.NAME,0,100;LSAD "LSAD" true true false 2 Text 0 0,First,#,tribal_areas_dissolve_clip,census_tribal_areas.LSAD,0,2;ALAND "ALAND" true true false 8 Double 0 0,First,#,tribal_areas_dissolve_clip,census_tribal_areas.ALAND,-1,-1;AWATER "AWATER" true true false 8 Double 0 0,First,#,tribal_areas_dissolve_clip,census_tribal_areas.AWATER,-1,-1;Shape_Length_1 "Shape_Length" false true true 8 Double 0 0,First,#,tribal_areas_dissolve_clip,census_tribal_areas.Shape_Length,-1,-1;Shape_Area_1 "Shape_Area" false true true 8 Double 0 0,First,#,tribal_areas_dissolve_clip,census_tribal_areas.Shape_Area,-1,-1" #</Process>
				<Process ToolSource="c:\program files\arcgis\pro\Resources\ArcToolbox\toolboxes\Data Management Tools.tbx\CalculateField" Date="20220428" Time="160818">CalculateField ej_tribal_areas GEOID !GEOID_1! "Python 3" # Text NO_ENFORCE_DOMAINS</Process>
				<Process ToolSource="c:\program files\arcgis\pro\Resources\ArcToolbox\toolboxes\Data Management Tools.tbx\DeleteField" Date="20220428" Time="160839">DeleteField ej_tribal_areas NAME_1</Process>
				<Process ToolSource="c:\program files\arcgis\pro\Resources\ArcToolbox\toolboxes\Data Management Tools.tbx\DeleteField" Date="20220428" Time="160908">DeleteField ej_tribal_areas OBJECTID</Process>
				<Process ToolSource="c:\program files\arcgis\pro\Resources\ArcToolbox\Toolboxes\Data Management Tools.tbx\UpdateSchema" Date="20220429" Time="130311">UpdateSchema "CIMDATA=&lt;CIMStandardDataConnection xsi:type='typens:CIMStandardDataConnection' xmlns:xsi='http://www.w3.org/2001/XMLSchema-instance' xmlns:xs='http://www.w3.org/2001/XMLSchema' xmlns:typens='http://www.esri.com/schemas/ArcGIS/2.8.0'&gt;&lt;WorkspaceConnectionString&gt;DATABASE=S:\Gosack_Ben.BG\projects\EJ_update_20220401\tempo_data_prep\outputs\data_for_services.gdb&lt;/WorkspaceConnectionString&gt;&lt;WorkspaceFactory&gt;FileGDB&lt;/WorkspaceFactory&gt;&lt;Dataset&gt;ej_tribal_areas&lt;/Dataset&gt;&lt;DatasetType&gt;esriDTFeatureClass&lt;/DatasetType&gt;&lt;/CIMStandardDataConnection&gt;" &lt;operationSequence&gt;&lt;workflow&gt;&lt;DeleteField&gt;&lt;field_name&gt;GEOID_1&lt;/field_name&gt;&lt;/DeleteField&gt;&lt;/workflow&gt;&lt;/operationSequence&gt;</Process>
				<Process ToolSource="c:\program files\arcgis\pro\Resources\ArcToolbox\Toolboxes\Data Management Tools.tbx\UpdateSchema" Date="20220429" Time="130350">UpdateSchema "CIMDATA=&lt;CIMStandardDataConnection xsi:type='typens:CIMStandardDataConnection' xmlns:xsi='http://www.w3.org/2001/XMLSchema-instance' xmlns:xs='http://www.w3.org/2001/XMLSchema' xmlns:typens='http://www.esri.com/schemas/ArcGIS/2.8.0'&gt;&lt;WorkspaceConnectionString&gt;DATABASE=S:\Gosack_Ben.BG\projects\EJ_update_20220401\tempo_data_prep\outputs\data_for_services.gdb&lt;/WorkspaceConnectionString&gt;&lt;WorkspaceFactory&gt;FileGDB&lt;/WorkspaceFactory&gt;&lt;Dataset&gt;ej_tribal_areas&lt;/Dataset&gt;&lt;DatasetType&gt;esriDTFeatureClass&lt;/DatasetType&gt;&lt;/CIMStandardDataConnection&gt;" &lt;operationSequence&gt;&lt;workflow&gt;&lt;DeleteField&gt;&lt;field_name&gt;Shape_Length_1&lt;/field_name&gt;&lt;field_name&gt;Shape_Area_1&lt;/field_name&gt;&lt;/DeleteField&gt;&lt;/workflow&gt;&lt;/operationSequence&gt;</Process>
				<Process ToolSource="c:\program files\arcgis\pro\Resources\ArcToolbox\Toolboxes\Data Management Tools.tbx\CopyMultiple" Date="20220621" Time="093343">CopyMultiple "S:\Gosack_Ben.BG\projects\EJ_update_20220401\tempo_data_prep\outputs\data_for_geocommons.gdb\ej_mpca_census FeatureClass;S:\Gosack_Ben.BG\projects\EJ_update_20220401\tempo_data_prep\outputs\data_for_geocommons.gdb\ej_tribal_areas FeatureClass" S:\Gosack_Ben.BG\projects\EJ_update_20220401\gdrs_resource\env_ej_mpca_census\fgdb\env_ej_mpca_census.gdb ej_mpca_census;ej_tribal_areas "ej_mpca_census FeatureClass ej_mpca_census #;ej_tribal_areas FeatureClass ej_tribal_areas #"</Process>
				<Process ToolSource="c:\program files\arcgis\pro\Resources\ArcToolbox\Toolboxes\Data Management Tools.tbx\Rename" Date="20220621" Time="093715">Rename S:\Gosack_Ben.BG\projects\EJ_update_20220401\gdrs_resource\env_ej_mpca_census\fgdb\env_ej_mpca_census.gdb\ej_tribal_areas S:\Gosack_Ben.BG\projects\EJ_update_20220401\gdrs_resource\env_ej_mpca_census\fgdb\env_ej_mpca_census.gdb\census_tribal_areas FeatureClass</Process>
				<Process ToolSource="C:\program files\arcgis\server\ArcToolbox\Toolboxes\Conversion Tools.tbx\FeatureClassToFeatureClass" Date="20230206" Time="235049">FeatureClassToFeatureClass /var/ftp/gdrs_temp/update\us_mn_state_pca\env_ej_mpca_census\fgdb\env_ej_mpca_census.gdb\census_tribal_areas /var/ftp/gdrs_temp/update\us_mn_state_pca\env_ej_mpca_census\shp census_tribal_areas.shp # "NAME "NAME" true true false 255 Text 0 0 ,First,#,/var/ftp/gdrs_temp/update\us_mn_state_pca\env_ej_mpca_census\fgdb\env_ej_mpca_census.gdb\census_tribal_areas,NAME,-1,-1;GEOID "GEOID" true true false 5 Text 0 0 ,First,#,/var/ftp/gdrs_temp/update\us_mn_state_pca\env_ej_mpca_census\fgdb\env_ej_mpca_census.gdb\census_tribal_areas,GEOID,-1,-1;AIANNHCE "AIANNHCE" true true false 4 Text 0 0 ,First,#,/var/ftp/gdrs_temp/update\us_mn_state_pca\env_ej_mpca_census\fgdb\env_ej_mpca_census.gdb\census_tribal_areas,AIANNHCE,-1,-1;AIANNHNS "AIANNHNS" true true false 8 Text 0 0 ,First,#,/var/ftp/gdrs_temp/update\us_mn_state_pca\env_ej_mpca_census\fgdb\env_ej_mpca_census.gdb\census_tribal_areas,AIANNHNS,-1,-1;AFFGEOID "AFFGEOID" true true false 13 Text 0 0 ,First,#,/var/ftp/gdrs_temp/update\us_mn_state_pca\env_ej_mpca_census\fgdb\env_ej_mpca_census.gdb\census_tribal_areas,AFFGEOID,-1,-1;LSAD "LSAD" true true false 2 Text 0 0 ,First,#,/var/ftp/gdrs_temp/update\us_mn_state_pca\env_ej_mpca_census\fgdb\env_ej_mpca_census.gdb\census_tribal_areas,LSAD,-1,-1;ALAND "ALAND" true true false 8 Double 0 0 ,First,#,/var/ftp/gdrs_temp/update\us_mn_state_pca\env_ej_mpca_census\fgdb\env_ej_mpca_census.gdb\census_tribal_areas,ALAND,-1,-1;AWATER "AWATER" true true false 8 Double 0 0 ,First,#,/var/ftp/gdrs_temp/update\us_mn_state_pca\env_ej_mpca_census\fgdb\env_ej_mpca_census.gdb\census_tribal_areas,AWATER,-1,-1;Shape_Leng "Shape_Leng" false true true 8 Double 0 0 ,First,#,/var/ftp/gdrs_temp/update\us_mn_state_pca\env_ej_mpca_census\fgdb\env_ej_mpca_census.gdb\census_tribal_areas,Shape_Length,-1,-1;Shape_Area "Shape_Area" false true true 8 Double 0 0 ,First,#,/var/ftp/gdrs_temp/update\us_mn_state_pca\env_ej_mpca_census\fgdb\env_ej_mpca_census.gdb\census_tribal_areas,Shape_Area,-1,-1" #</Process>
			</lineage>
			<itemProps>
				<itemLocation>
					<linkage Sync="TRUE">file://\\g46palgdrftp001\Z\var\ftp\gdrs_temp\update\us_mn_state_pca\env_ej_mpca_census\shp\census_tribal_areas.shp</linkage>
					<protocol Sync="TRUE">Local Area Network</protocol>
				</itemLocation>
				<itemName Sync="TRUE">census_tribal_areas</itemName>
				<imsContentType Sync="TRUE">002</imsContentType>
				<itemSize Sync="TRUE">0.000</itemSize>
			</itemProps>
			<coordRef>
				<type Sync="TRUE">Projected</type>
				<geogcsn Sync="TRUE">GCS_North_American_1983</geogcsn>
				<csUnits Sync="TRUE">Linear Unit: Meter (1.000000)</csUnits>
				<projcsn Sync="TRUE">NAD_1983_UTM_Zone_15N</projcsn>
				<peXml Sync="TRUE">&lt;ProjectedCoordinateSystem xsi:type='typens:ProjectedCoordinateSystem' xmlns:xsi='http://www.w3.org/2001/XMLSchema-instance' xmlns:xs='http://www.w3.org/2001/XMLSchema' xmlns:typens='http://www.esri.com/schemas/ArcGIS/10.4'&gt;&lt;WKT&gt;PROJCS[&amp;quot;NAD_1983_UTM_Zone_15N&amp;quot;,GEOGCS[&amp;quot;GCS_North_American_1983&amp;quot;,DATUM[&amp;quot;D_North_American_1983&amp;quot;,SPHEROID[&amp;quot;GRS_1980&amp;quot;,6378137.0,298.257222101]],PRIMEM[&amp;quot;Greenwich&amp;quot;,0.0],UNIT[&amp;quot;Degree&amp;quot;,0.0174532925199433]],PROJECTION[&amp;quot;Transverse_Mercator&amp;quot;],PARAMETER[&amp;quot;False_Easting&amp;quot;,500000.0],PARAMETER[&amp;quot;False_Northing&amp;quot;,0.0],PARAMETER[&amp;quot;Central_Meridian&amp;quot;,-93.0],PARAMETER[&amp;quot;Scale_Factor&amp;quot;,0.9996],PARAMETER[&amp;quot;Latitude_Of_Origin&amp;quot;,0.0],UNIT[&amp;quot;Meter&amp;quot;,1.0],AUTHORITY[&amp;quot;EPSG&amp;quot;,26915]]&lt;/WKT&gt;&lt;XOrigin&gt;-5120900&lt;/XOrigin&gt;&lt;YOrigin&gt;-9998100&lt;/YOrigin&gt;&lt;XYScale&gt;450445547.3910538&lt;/XYScale&gt;&lt;ZOrigin&gt;-100000&lt;/ZOrigin&gt;&lt;ZScale&gt;10000&lt;/ZScale&gt;&lt;MOrigin&gt;-100000&lt;/MOrigin&gt;&lt;MScale&gt;10000&lt;/MScale&gt;&lt;XYTolerance&gt;0.001&lt;/XYTolerance&gt;&lt;ZTolerance&gt;0.001&lt;/ZTolerance&gt;&lt;MTolerance&gt;0.001&lt;/MTolerance&gt;&lt;HighPrecision&gt;true&lt;/HighPrecision&gt;&lt;WKID&gt;26915&lt;/WKID&gt;&lt;LatestWKID&gt;26915&lt;/LatestWKID&gt;&lt;/ProjectedCoordinateSystem&gt;</peXml>
			</coordRef>
		</DataProperties>
		<ArcGISstyle>FGDC CSDGM Metadata</ArcGISstyle>
		<SyncDate>20230206</SyncDate>
		<SyncTime>23504900</SyncTime>
		<ModDate>20230206</ModDate>
		<ModTime>23504900</ModTime>
	</Esri>
	<dataIdInfo>
		<envirDesc Sync="TRUE">Microsoft Windows XP Professional x64 Edition Version 5.2 (Build 3790) Service Pack 2; Esri ArcGIS 10.4.1.5686</envirDesc>
		<dataLang>
			<languageCode value="en" Sync="TRUE"/>
			<countryCode value="US" Sync="TRUE"/>
		</dataLang>
		<idCitation>
			<resTitle Sync="TRUE">census_tribal_areas</resTitle>
			<presForm>
				<PresFormCd value="005" Sync="TRUE"/>
			</presForm>
		</idCitation>
		<spatRpType>
			<SpatRepTypCd value="001" Sync="TRUE"/>
		</spatRpType>
	</dataIdInfo>
	<mdLang>
		<languageCode value="en" Sync="TRUE"/>
		<countryCode value="US" Sync="TRUE"/>
	</mdLang>
	<distInfo>
		<distFormat>
			<formatName Sync="TRUE">Shapefile</formatName>
		</distFormat>
		<distTranOps>
			<transSize Sync="TRUE">0.000</transSize>
		</distTranOps>
	</distInfo>
	<mdHrLv>
		<ScopeCd value="005" Sync="TRUE"/>
	</mdHrLv>
	<mdHrLvName Sync="TRUE">dataset</mdHrLvName>
	<refSysInfo>
		<RefSystem>
			<refSysID>
				<identCode code="26915" Sync="TRUE"/>
				<idCodeSpace Sync="TRUE">EPSG</idCodeSpace>
				<idVersion Sync="TRUE">6.13(3.0.1)</idVersion>
			</refSysID>
		</RefSystem>
	</refSysInfo>
	<spatRepInfo>
		<VectSpatRep>
			<geometObjs Name="census_tribal_areas">
				<geoObjTyp>
					<GeoObjTypCd value="002" Sync="TRUE"/>
				</geoObjTyp>
				<geoObjCnt Sync="TRUE">0</geoObjCnt>
			</geometObjs>
			<topLvl>
				<TopoLevCd value="001" Sync="TRUE"/>
			</topLvl>
		</VectSpatRep>
	</spatRepInfo>
	<spdoinfo>
		<ptvctinf>
			<esriterm Name="census_tribal_areas">
				<efeatyp Sync="TRUE">Simple</efeatyp>
				<efeageom code="4" Sync="TRUE"/>
				<esritopo Sync="TRUE">FALSE</esritopo>
				<efeacnt Sync="TRUE">0</efeacnt>
				<spindex Sync="TRUE">FALSE</spindex>
				<linrefer Sync="TRUE">FALSE</linrefer>
			</esriterm>
		</ptvctinf>
	</spdoinfo>
	<eainfo>
		<detailed Name="census_tribal_areas">
			<enttyp>
				<enttypl Sync="TRUE">census_tribal_areas</enttypl>
				<enttypt Sync="TRUE">Feature Class</enttypt>
				<enttypc Sync="TRUE">0</enttypc>
			</enttyp>
			<attr>
				<attrlabl Sync="TRUE">FID</attrlabl>
				<attalias Sync="TRUE">FID</attalias>
				<attrtype Sync="TRUE">OID</attrtype>
				<attwidth Sync="TRUE">4</attwidth>
				<atprecis Sync="TRUE">0</atprecis>
				<attscale Sync="TRUE">0</attscale>
				<attrdef Sync="TRUE">Internal feature number.</attrdef>
				<attrdefs Sync="TRUE">Esri</attrdefs>
				<attrdomv>
					<udom Sync="TRUE">Sequential unique whole numbers that are automatically generated.</udom>
				</attrdomv>
			</attr>
			<attr>
				<attrlabl Sync="TRUE">Shape</attrlabl>
				<attalias Sync="TRUE">Shape</attalias>
				<attrtype Sync="TRUE">Geometry</attrtype>
				<attwidth Sync="TRUE">0</attwidth>
				<atprecis Sync="TRUE">0</atprecis>
				<attscale Sync="TRUE">0</attscale>
				<attrdef Sync="TRUE">Feature geometry.</attrdef>
				<attrdefs Sync="TRUE">Esri</attrdefs>
				<attrdomv>
					<udom Sync="TRUE">Coordinates defining the features.</udom>
				</attrdomv>
			</attr>
			<attr>
				<attrlabl Sync="TRUE">NAME</attrlabl>
				<attalias Sync="TRUE">NAME</attalias>
				<attrtype Sync="TRUE">String</attrtype>
				<attwidth Sync="TRUE">254</attwidth>
				<atprecis Sync="TRUE">0</atprecis>
				<attscale Sync="TRUE">0</attscale>
			</attr>
			<attr>
				<attrlabl Sync="TRUE">GEOID</attrlabl>
				<attalias Sync="TRUE">GEOID</attalias>
				<attrtype Sync="TRUE">String</attrtype>
				<attwidth Sync="TRUE">5</attwidth>
				<atprecis Sync="TRUE">0</atprecis>
				<attscale Sync="TRUE">0</attscale>
			</attr>
			<attr>
				<attrlabl Sync="TRUE">AIANNHCE</attrlabl>
				<attalias Sync="TRUE">AIANNHCE</attalias>
				<attrtype Sync="TRUE">String</attrtype>
				<attwidth Sync="TRUE">4</attwidth>
				<atprecis Sync="TRUE">0</atprecis>
				<attscale Sync="TRUE">0</attscale>
			</attr>
			<attr>
				<attrlabl Sync="TRUE">AIANNHNS</attrlabl>
				<attalias Sync="TRUE">AIANNHNS</attalias>
				<attrtype Sync="TRUE">String</attrtype>
				<attwidth Sync="TRUE">8</attwidth>
				<atprecis Sync="TRUE">0</atprecis>
				<attscale Sync="TRUE">0</attscale>
			</attr>
			<attr>
				<attrlabl Sync="TRUE">AFFGEOID</attrlabl>
				<attalias Sync="TRUE">AFFGEOID</attalias>
				<attrtype Sync="TRUE">String</attrtype>
				<attwidth Sync="TRUE">13</attwidth>
				<atprecis Sync="TRUE">0</atprecis>
				<attscale Sync="TRUE">0</attscale>
			</attr>
			<attr>
				<attrlabl Sync="TRUE">LSAD</attrlabl>
				<attalias Sync="TRUE">LSAD</attalias>
				<attrtype Sync="TRUE">String</attrtype>
				<attwidth Sync="TRUE">2</attwidth>
				<atprecis Sync="TRUE">0</atprecis>
				<attscale Sync="TRUE">0</attscale>
			</attr>
			<attr>
				<attrlabl Sync="TRUE">ALAND</attrlabl>
				<attalias Sync="TRUE">ALAND</attalias>
				<attrtype Sync="TRUE">Double</attrtype>
				<attwidth Sync="TRUE">19</attwidth>
				<atprecis Sync="TRUE">0</atprecis>
				<attscale Sync="TRUE">0</attscale>
			</attr>
			<attr>
				<attrlabl Sync="TRUE">AWATER</attrlabl>
				<attalias Sync="TRUE">AWATER</attalias>
				<attrtype Sync="TRUE">Double</attrtype>
				<attwidth Sync="TRUE">19</attwidth>
				<atprecis Sync="TRUE">0</atprecis>
				<attscale Sync="TRUE">0</attscale>
			</attr>
			<attr>
				<attrlabl Sync="TRUE">Shape_Leng</attrlabl>
				<attalias Sync="TRUE">Shape_Leng</attalias>
				<attrtype Sync="TRUE">Double</attrtype>
				<attwidth Sync="TRUE">19</attwidth>
				<atprecis Sync="TRUE">0</atprecis>
				<attscale Sync="TRUE">0</attscale>
			</attr>
			<attr>
				<attrlabl Sync="TRUE">Shape_Area</attrlabl>
				<attalias Sync="TRUE">Shape_Area</attalias>
				<attrtype Sync="TRUE">Double</attrtype>
				<attwidth Sync="TRUE">19</attwidth>
				<atprecis Sync="TRUE">0</atprecis>
				<attscale Sync="TRUE">0</attscale>
				<attrdef Sync="TRUE">Area of feature in internal units squared.</attrdef>
				<attrdefs Sync="TRUE">Esri</attrdefs>
				<attrdomv>
					<udom Sync="TRUE">Positive real numbers that are automatically generated.</udom>
				</attrdomv>
			</attr>
		</detailed>
	</eainfo>
	<mdDateSt Sync="TRUE">20230206</mdDateSt>
</metadata>
