<metadata><eainfo><detailed><enttyp><enttypl>Tribal Government</enttypl></enttyp><attr><attrlabl>OBJECT ID</attrlabl><attrdef>Unique ID for each record</attrdef><attrdefs>ESRI</attrdefs></attr><attr><attrlabl>GNIS_FEATURE_ID</attrlabl><attrdef>An eight-character ANSI numeric identifier for American Indian/Alaska Native/Native Hawaiian Areas</attrdef><attrdefs>US Census Bureau</attrdefs><attrdomv><edom><edomv>00657264</edomv></edom></attrdomv><attrdomv><edom><edomv>06649741</edomv></edom></attrdomv><attrdomv><edom><edomv>00653567</edomv></edom></attrdomv><attrdomv><edom><edomv>00654519</edomv></edom></attrdomv><attrdomv><edom><edomv>00654523</edomv></edom></attrdomv><attrdomv><edom><edomv>00659096</edomv></edom></attrdomv><attrdomv><edom><edomv>01934331</edomv></edom></attrdomv><attrdomv><edom><edomv>01934333</edomv></edom></attrdomv><attrdomv><edom><edomv>02105053</edomv></edom></attrdomv><attrdomv><edom><edomv>02418963</edomv></edom></attrdomv><attrdomv><edom><edomv>02419017</edomv></edom></attrdomv></attr><attr><attrlabl>TRIBAL_NAME</attrlabl><attrdef>Current American Indian/Alaska Native/Native Hawaiian area name</attrdef><attrdefs>US Census Bureau</attrdefs><attrdomv><edom><edomv>Lower Sioux</edomv></edom></attrdomv><attrdomv><edom><edomv>Shakopee Mdewakanton Sioux</edomv></edom></attrdomv><attrdomv><edom><edomv>Upper Sioux</edomv></edom></attrdomv><attrdomv><edom><edomv>Prairie Island</edomv></edom></attrdomv><attrdomv><edom><edomv>Fond du Lac</edomv></edom></attrdomv><attrdomv><edom><edomv>Grand Portage</edomv></edom></attrdomv><attrdomv><edom><edomv>Leech Lake</edomv></edom></attrdomv><attrdomv><edom><edomv>Red Lake</edomv></edom></attrdomv><attrdomv><edom><edomv>White Earth</edomv></edom></attrdomv><attrdomv><edom><edomv>Bois Forte</edomv></edom></attrdomv><attrdomv><edom><edomv>Ho-Chuck Nation</edomv></edom></attrdomv><attrdomv><edom><edomv>Mille Lacs</edomv></edom></attrdomv><attrdomv><edom><edomv>Minnesota Chippewa</edomv></edom></attrdomv></attr><attr><attrlabl>LEGAL_STATISTICAL_AREA_DESC</attrlabl><attrdef>Current name and the translated legal/statistical area description for American Indian/Alaska Native/Native Hawaiian area</attrdef><attrdefs>US Census Bureau</attrdefs><attrdomv><edom><edomv>Lower Sioux Indian Community</edomv></edom></attrdomv><attrdomv><edom><edomv>Shakopee Mdewakanton Sioux Community</edomv></edom></attrdomv><attrdomv><edom><edomv>Upper Sioux Community</edomv></edom></attrdomv><attrdomv><edom><edomv>Upper Sioux Off-Reservation Trust Land</edomv></edom></attrdomv><attrdomv><edom><edomv>Prairie Island Indian Community</edomv></edom></attrdomv><attrdomv><edom><edomv>Prairie Island Off-Reservation Trust Land</edomv></edom></attrdomv><attrdomv><edom><edomv>Fond du Lac Reservation</edomv></edom></attrdomv><attrdomv><edom><edomv>Grand Portage Reservation</edomv></edom></attrdomv><attrdomv><edom><edomv>Grand Portage Off-Reservation Trust Land</edomv></edom></attrdomv><attrdomv><edom><edomv>Leech Lake Reservation</edomv></edom></attrdomv><attrdomv><edom><edomv>Red Lake Reservation</edomv></edom></attrdomv><attrdomv><edom><edomv>White Earth Reservation</edomv></edom></attrdomv><attrdomv><edom><edomv>White Earth Off-Reservation Trust Land</edomv></edom></attrdomv><attrdomv><edom><edomv>Bois Forte Reservation</edomv></edom></attrdomv><attrdomv><edom><edomv>Bois Forte Off-Reservation Trust Land</edomv></edom></attrdomv><attrdomv><edom><edomv>Ho-Chuck Nation Off-Reservation Trust Land</edomv></edom></attrdomv><attrdomv><edom><edomv>Mille Lacs Off-Reservation Trust Land</edomv></edom></attrdomv><attrdomv><edom><edomv>Mille Lacs Reservation</edomv></edom></attrdomv><attrdomv><edom><edomv>Minnesota Chippewa Trust Land</edomv></edom></attrdomv></attr><attr><attrlabl>LEGAL_STATS_AREA_DESC_CODE</attrlabl><attrdef>Current legal/statistical area description code for American Indian/Alaska Native/Native Hawaiian area</attrdef><attrdefs>US Census Bureau</attrdefs><attrdomv><edom><edomv>82</edomv></edom></attrdomv><attrdomv><edom><edomv>86</edomv></edom></attrdomv><attrdomv><edom><edomv>89</edomv></edom></attrdomv><attrdomv><edom><edomv>95</edomv></edom></attrdomv><attrdomv><edom><edomv>OT</edomv></edom></attrdomv></attr><attr><attrlabl>RESERVATION_TRUST_LAND_IND</attrlabl><attrdef>Is the land Reservation or Trust Land</attrdef><attrdefs>US Census Bureau</attrdefs><attrdomv><edom><edomv>R</edomv><edomvd>Reservation</edomvd></edom></attrdomv><attrdomv><edom><edomv>T</edomv><edomvd>Trust Land</edomvd></edom></attrdomv></attr><attr><attrlabl>PRIMARY_LATITUDE</attrlabl><attrdef>latitudinal centroid of region/polygon</attrdef><attrdefs>US Census Bureau</attrdefs></attr><attr><attrlabl>PRIMARY_LONGITUDE</attrlabl><attrdef>longitudinal centroid of region/polygon</attrdef><attrdefs>US Census Bureau</attrdefs></attr><attr><attrlabl>TRIBAL_GOVERNMENT_NAME</attrlabl><attrdef>full legal tribal name</attrdef><attrdefs>US Census Bureau</attrdefs><attrdomv><edom><edomv>Upper Sioux Community</edomv></edom></attrdomv><attrdomv><edom><edomv>Shakopee Mdewakanton Sioux Community</edomv></edom></attrdomv><attrdomv><edom><edomv>Leech Lake Band of Ojibwe</edomv></edom></attrdomv><attrdomv><edom><edomv>Grand Portage Band of Lake Superior Chippewa</edomv></edom></attrdomv><attrdomv><edom><edomv>Fond du Lac Band of Lake Superior Chippewa</edomv></edom></attrdomv><attrdomv><edom><edomv>Bois Forte Band of Chippewa</edomv></edom></attrdomv><attrdomv><edom><edomv>White Earth Band</edomv></edom></attrdomv><attrdomv><edom><edomv>Lower Sioux Indian Community</edomv></edom></attrdomv><attrdomv><edom><edomv>Prairie Island Indian Community</edomv></edom></attrdomv><attrdomv><edom><edomv>Grand Portage Band of Lake Superior Chippewa</edomv></edom></attrdomv><attrdomv><edom><edomv>Mille Lacs Band of Ojibwe</edomv></edom></attrdomv><attrdomv><edom><edomv>Ho-Chuck Nation of Wisconsin</edomv></edom></attrdomv></attr></detailed></eainfo><idinfo><citation><citeinfo><origin>Minnesota Department of Transportation</origin><title>Tribal Government in Minnesota</title><pubinfo><publish>Minnesota Department of Transportation</publish></pubinfo><pubdate>2024-01-09</pubdate><onlink>https://gisdata.mn.gov/dataset/bdry-tribal-government</onlink></citeinfo></citation><descript><supplinf>State of Minnesota</supplinf><abstract>Tribal Government boundaries is a layer that contains the Minnesota interpretation of the federally recognized tribal boundaries within Minnesota.  For the Federal interpretation see the US senses TIGER files.</abstract><purpose>This layer was created to represent the general boundaries of the 12 Tribal lands in the State of Minnesota for cartographic mapping and planning-level spatial analysis.  This layer is derived from legal descriptions, but should not be used for survey-grade applications.</purpose></descript><status><progress>Complete</progress><update>Weekly</update></status><accconst>None.</accconst><useconst>By accepting this data, the user agrees not to transmit this data or provide access to it or any part of it to another party or the public unless the user shall include with the data a copy of the disclaimer. The disclaimer can be found in Section 6 of this document (Distribution Liability). </useconst><timeperd><timeinfo><sngdate><caldate>2024-01-09</caldate></sngdate></timeinfo><current>Data is complete through end of construction for date referenced. Construction subsequent to said date is in process to being entered and may or may not be included. </current></timeperd><keywords><place><placekey>Minnesota</placekey></place><theme><themekt>ISO 19115 Topic Category</themekt><themekey>Tribal Government, Boundaries, Reservations, and Tribal Lands</themekey></theme></keywords><spdom><bounding><westbc>-97.508970</westbc><eastbc>-89.028990</eastbc><northbc>49.652543</northbc><southbc>43.192405</southbc></bounding></spdom><ptcontac><cntinfo><cntperp><cntorg>Minnesota Department of Transportation</cntorg><cntper>Jeff Saholt</cntper></cntperp><cntpos>Transportation Program supervisor Senior</cntpos><cntaddr><address>395 John Ireland Blvd.</address><city>Saint Paul</city><state>MN</state><postal>55155</postal></cntaddr><cntvoice>651-366-3885</cntvoice><cntfax>651-366-3886</cntfax><cntemail>jeff.saholt@dot.state.mn.us</cntemail></cntinfo></ptcontac></idinfo><metainfo><metd>2024-01-09</metd><metstdn>Minnesota Geographic Metadata Guidelines</metstdn><metstdv>1.2</metstdv><metextns><onlink>https://www.mngeo.state.mn.us/committee/standards/mgmg/metadata.htm</onlink></metextns><metc><cntinfo><cntperp><cntorg>Minnesota Department of Transportation</cntorg><cntper>Kyle House</cntper></cntperp><cntpos>Research Analyst Intermediate</cntpos><cntaddr><address>395 John Ireland Blvd.</address><city>Saint Paul</city><state>MN</state><postal>55155</postal></cntaddr><cntvoice>651-366-3873</cntvoice><cntfax>651-366-3886</cntfax><cntemail>linearreferencingsystem.admin.dot@state.mn.us</cntemail></cntinfo></metc></metainfo><distinfo><distliab>USE OF THIS DOCUMENT IS SUBJECT TO MNDOT'S DISCLAIMERS, LEGAL NOTICES AND POLICIES FOUND at http://www.dot.state.mn.us/information/disclaimer.html</distliab><stdorder><ordering>The data may be requested from the Contact person listed in the metadata.</ordering></stdorder><resdesc>Tribal Government</resdesc><distrib><cntinfo><cntperp><cntorg>Minnesota Department of Transportation</cntorg><cntper>Bob Wolbeck</cntper></cntperp><cntpos>Research Analyst Specialist Senior</cntpos><cntaddr><address>395 John Ireland Blvd.</address><city>Saint Paul</city><state>MN</state><postal>55155</postal></cntaddr><cntvoice>651-366-3880</cntvoice><cntfax>651-366-3886</cntfax><cntemail>bob.wolbeck@state.mn.us</cntemail></cntinfo></distrib></distinfo><dataqual><posacc><horizpa><horizpar>Location accuracy for features derived from USGS 7.5-minute quadrangles cannot be assumed to exceed National Map Accuracy Standards for 1:24,000 scale maps (+/- 40 feet or 12 meters). Accuracy of updates based on imagery is dependent on the resolution of the imagery used. Imagery used for updates would represent the best imagery available at the time of the update. </horizpar></horizpa><vertacc><vertaccr>N/A</vertaccr></vertacc></posacc><lineage><procstep>The original data source for the MnDOT Basemap Roads features was the USGS 1:24,000-scale USGS 7.5-minute quadrangle maps. 

During the time period 1990-1995, the Roads and other MnDOT BaseMap data layers were digitized from USGS 7.5-minute quadrangles using MicroStation CADD. A total of 1745 quadrangles were digitized. For any given area, MnDOT used the most recent quadrangle available at that time. The digital MicroStation CADD files were converted from State Plane Coordinates to UTM and then converted into ARC/INFO coverages. The ARC/INFO files were merged into statewide, seamless coverages and then attributes were added. 

Beginning in March, 1999, the Roads features were checked and updated, using 1997 digital orthophotos for Anoka, Carver, Dakota, Hennepin, Ramsey, Scott and Washington Counties and 1991 digital orthophotos for the remaining 80 counties. 

The Roads features layer is updated continuously as information comes in to the Office of Transportation System Management. The Minnesota Trunk Highway (TH), County State Aid System (CSAH), and Municipal State Aid System (MSAS) alignments and route data are improved each year through our annual status process. Changes to roads come from several sources including county engineers, city engineers, GIS personnel and the MnDOT State Aid office (which manages county state aid highways and municipal state aid streets), the most recent aerial photos available, and construction plans.  Official linework is retrieved from the US Census Bureau on an annual basis.  Boundary data received from the Tribes is used as reference.  Any differences between the sources is then given to the Census Bureau for verification and then adjusted by them.Official linework is retrieved from the US Census Bureau on an annual basis.  Boundary data received from the Tribes is used as reference.  Any differences between the sources is then given to the Census Bureau for verification and then adjusted by them.Official linework is retrieved from the US Census Bureau on an annual basis.  Boundary data received from the Tribes is used as reference.  Any differences between the sources is then given to the Census Bureau for verification and then adjusted by them.Official linework is retrieved from the US Census Bureau on an annual basis.  Boundary data received from the Tribes is used as reference.  Any differences between the sources is then given to the Census Bureau for verification and then adjusted by them.Official linework is retrieved from the US Census Bureau on an annual basis.  Boundary data received from the Tribes is used as reference.  Any differences between the sources is then given to the Census Bureau for verification and then adjusted by them.Official linework is retrieved from the US Census Bureau on an annual basis.  Boundary data received from the Tribes is used as reference.  Any differences between the sources is then given to the Census Bureau for verification and then adjusted by them.Official linework is retrieved from the US Census Bureau on an annual basis.  Boundary data received from the Tribes is used as reference.  Any differences between the sources is then given to the Census Bureau for verification and then adjusted by them.Official linework is retrieved from the US Census Bureau on an annual basis.  Boundary data received from the Tribes is used as reference.  Any differences between the sources is then given to the Census Bureau for verification and then adjusted by them.Official line work is retrieved from the US Census Bureau on an annual basis.  Boundary data received from the Tribes is used as reference.  Any differences between the sources is then given to the Census Bureau for verification and then adjusted by them.Official line work is retrieved from the US Census Bureau on an annual basis.  Boundary data received from the Tribes is used as reference.  Any differences between the sources is then given to the Census Bureau for verification and then adjusted by them.Official line work is retrieved from the US Census Bureau on an annual basis.  Boundary data received from the Tribes is used as reference.  Any differences between the sources is then given to the Census Bureau for verification and then adjusted by them.Official line work is retrieved from the US Census Bureau on an annual basis.  Boundary data received from the Tribes is used as reference.  Any differences between the sources is then given to the Census Bureau for verification and then adjusted by them.Official line work is retrieved from the US Census Bureau on an annual basis.  Boundary data received from the Tribes is used as reference.  Any differences between the sources is then given to the Census Bureau for verification and then adjusted by them.Official line work is retrieved from the US Census Bureau on an annual basis.  Boundary data received from the Tribes is used as reference.  Any differences between the sources is then given to the Census Bureau for verification and then adjusted by them.Official line work is retrieved from the US Census Bureau on an annual basis.  Boundary data received from the Tribes is used as reference.  Any differences between the sources is then given to the Census Bureau for verification and then adjusted by them.Official line work is retrieved from the US Census Bureau on an annual basis.  Boundary data received from the Tribes is used as reference.  Any differences between the sources is then given to the Census Bureau for verification and then adjusted by them.Official line work is retrieved from the US Census Bureau on an annual basis.  Boundary data received from the Tribes is used as reference.  Any differences between the sources is then given to the Census Bureau for verification and then adjusted by them.Official line work is retrieved from the US Census Bureau on an annual basis.  Boundary data received from the Tribes is used as reference.  Any differences between the sources is then given to the Census Bureau for verification and then adjusted by them.Official line work is retrieved from the US Census Bureau on an annual basis.  Boundary data received from the Tribes is used as reference.  Any differences between the sources is then given to the Census Bureau for verification and then adjusted by them.Official line work is retrieved from the US Census Bureau on an annual basis.  Boundary data received from the Tribes is used as reference.  Any differences between the sources is then given to the Census Bureau for verification and then adjusted by them.Official line work is retrieved from the US Census Bureau on an annual basis.  Boundary data received from the Tribes is used as reference.  Any differences between the sources is then given to the Census Bureau for verification and then adjusted by them.<procdesc>Official line work is retrieved from the US Census Bureau on an annual basis.  Boundary data received from the Tribes is used as reference.  Any differences between the sources is then given to the Census Bureau for verification and then adjusted by them.</procdesc></procstep></lineage></dataqual><spref><horizsys><planar><gridsys><gridsysn>Universal Transverse Mercator</gridsysn><utm><utmzone>15</utmzone></utm></gridsys><planci><plandu>meters</plandu></planci></planar><geodetic><horizdn>NAD83</horizdn><ellips>GRS80</ellips></geodetic></horizsys></spref></metadata>