<metadata xml:lang="en">
	<Esri>
		<CreaDate>20230626</CreaDate>
		<CreaTime>14512200</CreaTime>
		<ArcGISFormat>1.0</ArcGISFormat>
		<SyncOnce>FALSE</SyncOnce>
		<DataProperties>
			<lineage>
				<Process ToolSource="c:\program files\arcgis\pro\Resources\ArcToolbox\toolboxes\Data Management Tools.tbx\CreateFeatureclass" Date="20221213" Time="215050">CreateFeatureclass S:\Gosack_Ben.BG\requests\received\qcarr\20220411_ej_fieldname_edits\outputs\outputs.gdb ej_mpca_census_20221213_095026pm Polygon S:\Gosack_Ben.BG\requests\received\qcarr\20220411_ej_fieldname_edits\inputs\env_ej_mpca_census\fgdb\env_ej_mpca_census.gdb\ej_mpca_census No No "GEOGCS["GCS_North_American_1983",DATUM["D_North_American_1983",SPHEROID["GRS_1980",6378137.0,298.257222101]],PRIMEM["Greenwich",0.0],UNIT["Degree",0.0174532925199433]];-400 -400 1000000000;-100000 10000;-100000 10000;8.98315284119521E-09;0.001;0.001;IsHighPrecision" # 0 0 0 #</Process>
				<Process ToolSource="c:\program files\arcgis\pro\Resources\ArcToolbox\toolboxes\Data Management Tools.tbx\Project" Date="20221213" Time="215403">Project ej_mpca_census_20221213_095026pm S:\Gosack_Ben.BG\requests\received\qcarr\20220411_ej_fieldname_edits\outputs\outputs.gdb\ej_mpca_census_sr26915_20221213_095026pm PROJCS["NAD_1983_UTM_Zone_15N",GEOGCS["GCS_North_American_1983",DATUM["D_North_American_1983",SPHEROID["GRS_1980",6378137.0,298.257222101]],PRIMEM["Greenwich",0.0],UNIT["Degree",0.0174532925199433]],PROJECTION["Transverse_Mercator"],PARAMETER["False_Easting",500000.0],PARAMETER["False_Northing",0.0],PARAMETER["Central_Meridian",-93.0],PARAMETER["Scale_Factor",0.9996],PARAMETER["Latitude_Of_Origin",0.0],UNIT["Meter",1.0]] # GEOGCS["GCS_North_American_1983",DATUM["D_North_American_1983",SPHEROID["GRS_1980",6378137.0,298.257222101]],PRIMEM["Greenwich",0.0],UNIT["Degree",0.0174532925199433]] NO_PRESERVE_SHAPE # NO_VERTICAL</Process>
				<Process ToolSource="c:\program files\arcgis\pro\Resources\ArcToolbox\Toolboxes\Data Management Tools.tbx\CopyMultiple" Date="20230203" Time="160434">CopyMultiple "H:\requests\received\qcarr\20220411_ej_fieldname_edits\outputs\outputs.gdb\ej_mpca_census_sr26915_20221213_095026pm FeatureClass" H:\tempo_data_maintenance\EJ_calc_fix_20230203\data\inputs.gdb ej_mpca_census_sr26915_20221213_095026pm "ej_mpca_census_sr26915_20221213_095026pm FeatureClass ej_mpca_census_sr26915_20221213_095026pm #"</Process>
				<Process ToolSource="c:\program files\arcgis\pro\Resources\ArcToolbox\toolboxes\Conversion Tools.tbx\FeatureClassToFeatureClass" Date="20230203" Time="161326">FeatureClassToFeatureClass H:\tempo_data_maintenance\EJ_calc_fix_20230203\data\inputs.gdb\ej_mpca_census_sr26915_20221213_095026pm H:\tempo_data_maintenance\EJ_calc_fix_20230203\data\outputs.gdb ej_mpca_census_sr26915_20230203_041151pm # "statefp "statefp" true true false 2 Text 0 0,First,#,H:\tempo_data_maintenance\EJ_calc_fix_20230203\data\inputs.gdb\ej_mpca_census_sr26915_20221213_095026pm,statefp,0,2;countyfp "countyfp" true true false 3 Text 0 0,First,#,H:\tempo_data_maintenance\EJ_calc_fix_20230203\data\inputs.gdb\ej_mpca_census_sr26915_20221213_095026pm,countyfp,0,3;tractce "tractce" true true false 6 Text 0 0,First,#,H:\tempo_data_maintenance\EJ_calc_fix_20230203\data\inputs.gdb\ej_mpca_census_sr26915_20221213_095026pm,tractce,0,6;geoid "geoid" true true false 11 Text 0 0,First,#,H:\tempo_data_maintenance\EJ_calc_fix_20230203\data\inputs.gdb\ej_mpca_census_sr26915_20221213_095026pm,geoid,0,11;name "name" true true false 7 Text 0 0,First,#,H:\tempo_data_maintenance\EJ_calc_fix_20230203\data\inputs.gdb\ej_mpca_census_sr26915_20221213_095026pm,name,0,7;namelsad "namelsad" true true false 20 Text 0 0,First,#,H:\tempo_data_maintenance\EJ_calc_fix_20230203\data\inputs.gdb\ej_mpca_census_sr26915_20221213_095026pm,namelsad,0,20;mtfcc "mtfcc" true true false 5 Text 0 0,First,#,H:\tempo_data_maintenance\EJ_calc_fix_20230203\data\inputs.gdb\ej_mpca_census_sr26915_20221213_095026pm,mtfcc,0,5;funcstat "funcstat" true true false 1 Text 0 0,First,#,H:\tempo_data_maintenance\EJ_calc_fix_20230203\data\inputs.gdb\ej_mpca_census_sr26915_20221213_095026pm,funcstat,0,1;aland "aland" true true false 8 Double 0 0,First,#,H:\tempo_data_maintenance\EJ_calc_fix_20230203\data\inputs.gdb\ej_mpca_census_sr26915_20221213_095026pm,aland,-1,-1;awater "awater" true true false 8 Double 0 0,First,#,H:\tempo_data_maintenance\EJ_calc_fix_20230203\data\inputs.gdb\ej_mpca_census_sr26915_20221213_095026pm,awater,-1,-1;intptlat "intptlat" true true false 11 Text 0 0,First,#,H:\tempo_data_maintenance\EJ_calc_fix_20230203\data\inputs.gdb\ej_mpca_census_sr26915_20221213_095026pm,intptlat,0,11;intptlon "intptlon" true true false 12 Text 0 0,First,#,H:\tempo_data_maintenance\EJ_calc_fix_20230203\data\inputs.gdb\ej_mpca_census_sr26915_20221213_095026pm,intptlon,0,12;geoiddata "geoiddata" true true false 254 Text 0 0,First,#,H:\tempo_data_maintenance\EJ_calc_fix_20230203\data\inputs.gdb\ej_mpca_census_sr26915_20221213_095026pm,geoiddata,0,254;geography "geography" true true false 254 Text 0 0,First,#,H:\tempo_data_maintenance\EJ_calc_fix_20230203\data\inputs.gdb\ej_mpca_census_sr26915_20221213_095026pm,geography,0,254;totlan "totlan" true true false 4 Long 0 0,First,#,H:\tempo_data_maintenance\EJ_calc_fix_20230203\data\inputs.gdb\ej_mpca_census_sr26915_20221213_095026pm,totlan,-1,-1;totengonly "totengonly" true true false 4 Long 0 0,First,#,H:\tempo_data_maintenance\EJ_calc_fix_20230203\data\inputs.gdb\ej_mpca_census_sr26915_20221213_095026pm,totengonly,-1,-1;nonenglan1 "nonenglan1" true true false 254 Text 0 0,First,#,H:\tempo_data_maintenance\EJ_calc_fix_20230203\data\inputs.gdb\ej_mpca_census_sr26915_20221213_095026pm,nonenglan1,0,254;nonenglan2 "nonenglan2" true true false 254 Text 0 0,First,#,H:\tempo_data_maintenance\EJ_calc_fix_20230203\data\inputs.gdb\ej_mpca_census_sr26915_20221213_095026pm,nonenglan2,0,254;nonenglan3 "nonenglan3" true true false 254 Text 0 0,First,#,H:\tempo_data_maintenance\EJ_calc_fix_20230203\data\inputs.gdb\ej_mpca_census_sr26915_20221213_095026pm,nonenglan3,0,254;nonengpop1 "nonengpop1" true true false 4 Long 0 0,First,#,H:\tempo_data_maintenance\EJ_calc_fix_20230203\data\inputs.gdb\ej_mpca_census_sr26915_20221213_095026pm,nonengpop1,-1,-1;nonengpop2 "nonengpop2" true true false 4 Long 0 0,First,#,H:\tempo_data_maintenance\EJ_calc_fix_20230203\data\inputs.gdb\ej_mpca_census_sr26915_20221213_095026pm,nonengpop2,-1,-1;nonengpop3 "nonengpop3" true true false 4 Long 0 0,First,#,H:\tempo_data_maintenance\EJ_calc_fix_20230203\data\inputs.gdb\ej_mpca_census_sr26915_20221213_095026pm,nonengpop3,-1,-1;totnoneng "totnoneng" true true false 4 Long 0 0,First,#,H:\tempo_data_maintenance\EJ_calc_fix_20230203\data\inputs.gdb\ej_mpca_census_sr26915_20221213_095026pm,totnoneng,-1,-1;prpnoneng "prpnoneng" true true false 8 Double 0 0,First,#,H:\tempo_data_maintenance\EJ_calc_fix_20230203\data\inputs.gdb\ej_mpca_census_sr26915_20221213_095026pm,prpnoneng,-1,-1;prpnoneng1 "prpnoneng1" true true false 8 Double 0 0,First,#,H:\tempo_data_maintenance\EJ_calc_fix_20230203\data\inputs.gdb\ej_mpca_census_sr26915_20221213_095026pm,prpnoneng1,-1,-1;prpnoneng2 "prpnoneng2" true true false 8 Double 0 0,First,#,H:\tempo_data_maintenance\EJ_calc_fix_20230203\data\inputs.gdb\ej_mpca_census_sr26915_20221213_095026pm,prpnoneng2,-1,-1;prpnoneng3 "prpnoneng3" true true false 8 Double 0 0,First,#,H:\tempo_data_maintenance\EJ_calc_fix_20230203\data\inputs.gdb\ej_mpca_census_sr26915_20221213_095026pm,prpnoneng3,-1,-1;maxprp185x "maxprp185x" true true false 8 Double 0 0,First,#,H:\tempo_data_maintenance\EJ_calc_fix_20230203\data\inputs.gdb\ej_mpca_census_sr26915_20221213_095026pm,maxprp185x,-1,-1;prp185x "prp185x" true true false 8 Double 0 0,First,#,H:\tempo_data_maintenance\EJ_calc_fix_20230203\data\inputs.gdb\ej_mpca_census_sr26915_20221213_095026pm,prp185x,-1,-1;prp185xmoe "prp185xmoe" true true false 8 Double 0 0,First,#,H:\tempo_data_maintenance\EJ_calc_fix_20230203\data\inputs.gdb\ej_mpca_census_sr26915_20221213_095026pm,prp185xmoe,-1,-1;status185x "status185x" true true false 254 Text 0 0,First,#,H:\tempo_data_maintenance\EJ_calc_fix_20230203\data\inputs.gdb\ej_mpca_census_sr26915_20221213_095026pm,status185x,0,254;totpov "totpov" true true false 8 Double 0 0,First,#,H:\tempo_data_maintenance\EJ_calc_fix_20230203\data\inputs.gdb\ej_mpca_census_sr26915_20221213_095026pm,totpov,-1,-1;totpovmoe "totpovmoe" true true false 8 Double 0 0,First,#,H:\tempo_data_maintenance\EJ_calc_fix_20230203\data\inputs.gdb\ej_mpca_census_sr26915_20221213_095026pm,totpovmoe,-1,-1;pop185x "pop185x" true true false 8 Double 0 0,First,#,H:\tempo_data_maintenance\EJ_calc_fix_20230203\data\inputs.gdb\ej_mpca_census_sr26915_20221213_095026pm,pop185x,-1,-1;pop185xmoe "pop185xmoe" true true false 8 Double 0 0,First,#,H:\tempo_data_maintenance\EJ_calc_fix_20230203\data\inputs.gdb\ej_mpca_census_sr26915_20221213_095026pm,pop185xmoe,-1,-1;tot "tot" true true false 8 Double 0 0,First,#,H:\tempo_data_maintenance\EJ_calc_fix_20230203\data\inputs.gdb\ej_mpca_census_sr26915_20221213_095026pm,tot,-1,-1;totmoe "totmoe" true true false 8 Double 0 0,First,#,H:\tempo_data_maintenance\EJ_calc_fix_20230203\data\inputs.gdb\ej_mpca_census_sr26915_20221213_095026pm,totmoe,-1,-1;poc "poc" true true false 8 Double 0 0,First,#,H:\tempo_data_maintenance\EJ_calc_fix_20230203\data\inputs.gdb\ej_mpca_census_sr26915_20221213_095026pm,poc,-1,-1;pocmoe "pocmoe" true true false 8 Double 0 0,First,#,H:\tempo_data_maintenance\EJ_calc_fix_20230203\data\inputs.gdb\ej_mpca_census_sr26915_20221213_095026pm,pocmoe,-1,-1;prppoc "prppoc" true true false 8 Double 0 0,First,#,H:\tempo_data_maintenance\EJ_calc_fix_20230203\data\inputs.gdb\ej_mpca_census_sr26915_20221213_095026pm,prppoc,-1,-1;prppocmoe "prppocmoe" true true false 8 Double 0 0,First,#,H:\tempo_data_maintenance\EJ_calc_fix_20230203\data\inputs.gdb\ej_mpca_census_sr26915_20221213_095026pm,prppocmoe,-1,-1;maxprppoc "maxprppoc" true true false 8 Double 0 0,First,#,H:\tempo_data_maintenance\EJ_calc_fix_20230203\data\inputs.gdb\ej_mpca_census_sr26915_20221213_095026pm,maxprppoc,-1,-1;statuspoc "statuspoc" true true false 254 Text 0 0,First,#,H:\tempo_data_maintenance\EJ_calc_fix_20230203\data\inputs.gdb\ej_mpca_census_sr26915_20221213_095026pm,statuspoc,0,254;source "source" true true false 254 Text 0 0,First,#,H:\tempo_data_maintenance\EJ_calc_fix_20230203\data\inputs.gdb\ej_mpca_census_sr26915_20221213_095026pm,source,0,254;Shape_Length "Shape_Length" false true true 8 Double 0 0,First,#,H:\tempo_data_maintenance\EJ_calc_fix_20230203\data\inputs.gdb\ej_mpca_census_sr26915_20221213_095026pm,Shape_Length,-1,-1;Shape_Area "Shape_Area" false true true 8 Double 0 0,First,#,H:\tempo_data_maintenance\EJ_calc_fix_20230203\data\inputs.gdb\ej_mpca_census_sr26915_20221213_095026pm,Shape_Area,-1,-1" #</Process>
				<Process ToolSource="c:\program files\arcgis\pro\Resources\ArcToolbox\toolboxes\Data Management Tools.tbx\CopyMultiple" Date="20230206" Time="100157">CopyMultiple "H:\tempo_data_maintenance\EJ_calc_fix_20230203\0_update_attribute_values\data\outputs.gdb\ej_mpca_census_sr26915_20230203_041151pm FeatureClass" H:\tempo_data_maintenance\EJ_calc_fix_20230203\2_update_gdrs_resource\env_ej_mpca_census\fgdb\env_ej_mpca_census.gdb ej_mpca_census_sr26915_20230203_041151pm "ej_mpca_census_sr26915_20230203_041151pm FeatureClass ej_mpca_census_sr26915_20230203_041151pm #"</Process>
				<Process ToolSource="c:\program files\arcgis\pro\Resources\ArcToolbox\toolboxes\Data Management Tools.tbx\Rename" Date="20230206" Time="100403">Rename H:\tempo_data_maintenance\EJ_calc_fix_20230203\2_update_gdrs_resource\env_ej_mpca_census\fgdb\env_ej_mpca_census.gdb\ej_mpca_census_sr26915_20230203_041151pm H:\tempo_data_maintenance\EJ_calc_fix_20230203\2_update_gdrs_resource\env_ej_mpca_census\fgdb\env_ej_mpca_census.gdb\ej_mpca_census FeatureClass</Process>
				<Process ToolSource="c:\program files\arcgis\pro\Resources\ArcToolbox\toolboxes\Conversion Tools.tbx\FeatureClassToFeatureClass" Date="20230626" Time="125144">FeatureClassToFeatureClass L:\data\pub\us_mn_state_pca\env_ej_mpca_census\fgdb\env_ej_mpca_census.gdb\ej_mpca_census C:\Users\bgosack\Documents\workspace\ej_legislative_update_20230612\data\outputs\outputs.gdb ej_mpca_census_20230626_125104pm # "statefp "statefp" true true false 2 Text 0 0,First,#,L:\data\pub\us_mn_state_pca\env_ej_mpca_census\fgdb\env_ej_mpca_census.gdb\ej_mpca_census,statefp,0,2;countyfp "countyfp" true true false 3 Text 0 0,First,#,L:\data\pub\us_mn_state_pca\env_ej_mpca_census\fgdb\env_ej_mpca_census.gdb\ej_mpca_census,countyfp,0,3;tractce "tractce" true true false 6 Text 0 0,First,#,L:\data\pub\us_mn_state_pca\env_ej_mpca_census\fgdb\env_ej_mpca_census.gdb\ej_mpca_census,tractce,0,6;geoid "geoid" true true false 11 Text 0 0,First,#,L:\data\pub\us_mn_state_pca\env_ej_mpca_census\fgdb\env_ej_mpca_census.gdb\ej_mpca_census,geoid,0,11;name "name" true true false 7 Text 0 0,First,#,L:\data\pub\us_mn_state_pca\env_ej_mpca_census\fgdb\env_ej_mpca_census.gdb\ej_mpca_census,name,0,7;namelsad "namelsad" true true false 20 Text 0 0,First,#,L:\data\pub\us_mn_state_pca\env_ej_mpca_census\fgdb\env_ej_mpca_census.gdb\ej_mpca_census,namelsad,0,20;mtfcc "mtfcc" true true false 5 Text 0 0,First,#,L:\data\pub\us_mn_state_pca\env_ej_mpca_census\fgdb\env_ej_mpca_census.gdb\ej_mpca_census,mtfcc,0,5;funcstat "funcstat" true true false 1 Text 0 0,First,#,L:\data\pub\us_mn_state_pca\env_ej_mpca_census\fgdb\env_ej_mpca_census.gdb\ej_mpca_census,funcstat,0,1;aland "aland" true true false 8 Double 0 0,First,#,L:\data\pub\us_mn_state_pca\env_ej_mpca_census\fgdb\env_ej_mpca_census.gdb\ej_mpca_census,aland,-1,-1;awater "awater" true true false 8 Double 0 0,First,#,L:\data\pub\us_mn_state_pca\env_ej_mpca_census\fgdb\env_ej_mpca_census.gdb\ej_mpca_census,awater,-1,-1;intptlat "intptlat" true true false 11 Text 0 0,First,#,L:\data\pub\us_mn_state_pca\env_ej_mpca_census\fgdb\env_ej_mpca_census.gdb\ej_mpca_census,intptlat,0,11;intptlon "intptlon" true true false 12 Text 0 0,First,#,L:\data\pub\us_mn_state_pca\env_ej_mpca_census\fgdb\env_ej_mpca_census.gdb\ej_mpca_census,intptlon,0,12;geoiddata "geoiddata" true true false 254 Text 0 0,First,#,L:\data\pub\us_mn_state_pca\env_ej_mpca_census\fgdb\env_ej_mpca_census.gdb\ej_mpca_census,geoiddata,0,254;geography "geography" true true false 254 Text 0 0,First,#,L:\data\pub\us_mn_state_pca\env_ej_mpca_census\fgdb\env_ej_mpca_census.gdb\ej_mpca_census,geography,0,254;totlan "totlan" true true false 4 Long 0 0,First,#,L:\data\pub\us_mn_state_pca\env_ej_mpca_census\fgdb\env_ej_mpca_census.gdb\ej_mpca_census,totlan,-1,-1;totengonly "totengonly" true true false 4 Long 0 0,First,#,L:\data\pub\us_mn_state_pca\env_ej_mpca_census\fgdb\env_ej_mpca_census.gdb\ej_mpca_census,totengonly,-1,-1;nonenglan1 "nonenglan1" true true false 254 Text 0 0,First,#,L:\data\pub\us_mn_state_pca\env_ej_mpca_census\fgdb\env_ej_mpca_census.gdb\ej_mpca_census,nonenglan1,0,254;nonenglan2 "nonenglan2" true true false 254 Text 0 0,First,#,L:\data\pub\us_mn_state_pca\env_ej_mpca_census\fgdb\env_ej_mpca_census.gdb\ej_mpca_census,nonenglan2,0,254;nonenglan3 "nonenglan3" true true false 254 Text 0 0,First,#,L:\data\pub\us_mn_state_pca\env_ej_mpca_census\fgdb\env_ej_mpca_census.gdb\ej_mpca_census,nonenglan3,0,254;nonengpop1 "nonengpop1" true true false 4 Long 0 0,First,#,L:\data\pub\us_mn_state_pca\env_ej_mpca_census\fgdb\env_ej_mpca_census.gdb\ej_mpca_census,nonengpop1,-1,-1;nonengpop2 "nonengpop2" true true false 4 Long 0 0,First,#,L:\data\pub\us_mn_state_pca\env_ej_mpca_census\fgdb\env_ej_mpca_census.gdb\ej_mpca_census,nonengpop2,-1,-1;nonengpop3 "nonengpop3" true true false 4 Long 0 0,First,#,L:\data\pub\us_mn_state_pca\env_ej_mpca_census\fgdb\env_ej_mpca_census.gdb\ej_mpca_census,nonengpop3,-1,-1;totnoneng "totnoneng" true true false 4 Long 0 0,First,#,L:\data\pub\us_mn_state_pca\env_ej_mpca_census\fgdb\env_ej_mpca_census.gdb\ej_mpca_census,totnoneng,-1,-1;prpnoneng "prpnoneng" true true false 8 Double 0 0,First,#,L:\data\pub\us_mn_state_pca\env_ej_mpca_census\fgdb\env_ej_mpca_census.gdb\ej_mpca_census,prpnoneng,-1,-1;prpnoneng1 "prpnoneng1" true true false 8 Double 0 0,First,#,L:\data\pub\us_mn_state_pca\env_ej_mpca_census\fgdb\env_ej_mpca_census.gdb\ej_mpca_census,prpnoneng1,-1,-1;prpnoneng2 "prpnoneng2" true true false 8 Double 0 0,First,#,L:\data\pub\us_mn_state_pca\env_ej_mpca_census\fgdb\env_ej_mpca_census.gdb\ej_mpca_census,prpnoneng2,-1,-1;prpnoneng3 "prpnoneng3" true true false 8 Double 0 0,First,#,L:\data\pub\us_mn_state_pca\env_ej_mpca_census\fgdb\env_ej_mpca_census.gdb\ej_mpca_census,prpnoneng3,-1,-1;maxprp185x "maxprp185x" true true false 8 Double 0 0,First,#,L:\data\pub\us_mn_state_pca\env_ej_mpca_census\fgdb\env_ej_mpca_census.gdb\ej_mpca_census,maxprp185x,-1,-1;prp185x "prp185x" true true false 8 Double 0 0,First,#,L:\data\pub\us_mn_state_pca\env_ej_mpca_census\fgdb\env_ej_mpca_census.gdb\ej_mpca_census,prp185x,-1,-1;prp185xmoe "prp185xmoe" true true false 8 Double 0 0,First,#,L:\data\pub\us_mn_state_pca\env_ej_mpca_census\fgdb\env_ej_mpca_census.gdb\ej_mpca_census,prp185xmoe,-1,-1;status185x "status185x" true true false 254 Text 0 0,First,#,L:\data\pub\us_mn_state_pca\env_ej_mpca_census\fgdb\env_ej_mpca_census.gdb\ej_mpca_census,status185x,0,254;totpov "totpov" true true false 8 Double 0 0,First,#,L:\data\pub\us_mn_state_pca\env_ej_mpca_census\fgdb\env_ej_mpca_census.gdb\ej_mpca_census,totpov,-1,-1;totpovmoe "totpovmoe" true true false 8 Double 0 0,First,#,L:\data\pub\us_mn_state_pca\env_ej_mpca_census\fgdb\env_ej_mpca_census.gdb\ej_mpca_census,totpovmoe,-1,-1;pop185x "pop185x" true true false 8 Double 0 0,First,#,L:\data\pub\us_mn_state_pca\env_ej_mpca_census\fgdb\env_ej_mpca_census.gdb\ej_mpca_census,pop185x,-1,-1;pop185xmoe "pop185xmoe" true true false 8 Double 0 0,First,#,L:\data\pub\us_mn_state_pca\env_ej_mpca_census\fgdb\env_ej_mpca_census.gdb\ej_mpca_census,pop185xmoe,-1,-1;tot "tot" true true false 8 Double 0 0,First,#,L:\data\pub\us_mn_state_pca\env_ej_mpca_census\fgdb\env_ej_mpca_census.gdb\ej_mpca_census,tot,-1,-1;totmoe "totmoe" true true false 8 Double 0 0,First,#,L:\data\pub\us_mn_state_pca\env_ej_mpca_census\fgdb\env_ej_mpca_census.gdb\ej_mpca_census,totmoe,-1,-1;poc "poc" true true false 8 Double 0 0,First,#,L:\data\pub\us_mn_state_pca\env_ej_mpca_census\fgdb\env_ej_mpca_census.gdb\ej_mpca_census,poc,-1,-1;pocmoe "pocmoe" true true false 8 Double 0 0,First,#,L:\data\pub\us_mn_state_pca\env_ej_mpca_census\fgdb\env_ej_mpca_census.gdb\ej_mpca_census,pocmoe,-1,-1;prppoc "prppoc" true true false 8 Double 0 0,First,#,L:\data\pub\us_mn_state_pca\env_ej_mpca_census\fgdb\env_ej_mpca_census.gdb\ej_mpca_census,prppoc,-1,-1;prppocmoe "prppocmoe" true true false 8 Double 0 0,First,#,L:\data\pub\us_mn_state_pca\env_ej_mpca_census\fgdb\env_ej_mpca_census.gdb\ej_mpca_census,prppocmoe,-1,-1;maxprppoc "maxprppoc" true true false 8 Double 0 0,First,#,L:\data\pub\us_mn_state_pca\env_ej_mpca_census\fgdb\env_ej_mpca_census.gdb\ej_mpca_census,maxprppoc,-1,-1;statuspoc "statuspoc" true true false 254 Text 0 0,First,#,L:\data\pub\us_mn_state_pca\env_ej_mpca_census\fgdb\env_ej_mpca_census.gdb\ej_mpca_census,statuspoc,0,254;source "source" true true false 254 Text 0 0,First,#,L:\data\pub\us_mn_state_pca\env_ej_mpca_census\fgdb\env_ej_mpca_census.gdb\ej_mpca_census,source,0,254;Shape_Length "Shape_Length" false true true 8 Double 0 0,First,#,L:\data\pub\us_mn_state_pca\env_ej_mpca_census\fgdb\env_ej_mpca_census.gdb\ej_mpca_census,Shape_Length,-1,-1;Shape_Area "Shape_Area" false true true 8 Double 0 0,First,#,L:\data\pub\us_mn_state_pca\env_ej_mpca_census\fgdb\env_ej_mpca_census.gdb\ej_mpca_census,Shape_Area,-1,-1" #</Process>
				<Process ToolSource="c:\program files\arcgis\pro\Resources\ArcToolbox\toolboxes\Data Management Tools.tbx\DeleteField" Date="20230626" Time="125156">DeleteField C:\Users\bgosack\Documents\workspace\ej_legislative_update_20230612\data\outputs\outputs.gdb\ej_mpca_census_20230626_125104pm totlan;totengonly;nonenglan1;nonenglan2;nonenglan3;nonengpop1;nonengpop2;nonengpop3;totnoneng;prpnoneng;prpnoneng1;prpnoneng2;prpnoneng3;maxprp185x;prp185x;prp185xmoe;status185x;totpov;totpovmoe;pop185x;pop185xmoe;tot;totmoe;poc;pocmoe;prppoc;prppocmoe;maxprppoc;statuspoc;source</Process>
				<Process ToolSource="c:\program files\arcgis\pro\Resources\ArcToolbox\toolboxes\Data Management Tools.tbx\AddFields" Date="20230626" Time="125400">AddFields C:\Users\bgosack\Documents\workspace\ej_legislative_update_20230612\data\outputs\outputs.gdb\ej_mpca_census_20230626_125104pm "maxprp200x FLOAT 'Poverty - Maximum proportion below threshold' # # #;prp200x FLOAT 'Poverty - Proportion of population below threshold' # # #;prp200xmoe FLOAT 'Poverty - Proportion below threshold margin of error' # # #;status200x TEXT 'Poverty - Census Tract meets EJ threshold' 255 # #;totpov FLOAT 'Poverty - Total population estimate' # # #;totpovmoe FLOAT 'Poverty - Total population estimate margin of error' # # #;pop200x FLOAT 'Poverty - Pop below threshold' # # #;pop200xmoe FLOAT 'Poverty - Pop below threshold margin of Error' # # #;totpoc FLOAT 'Race - Total pop estimate' # # #;totpocmoe FLOAT 'Race - Total pop estimate margin of error' # # #;poc FLOAT 'Race - Pop identifying as POC' # # #;pocmoe FLOAT 'Race - Pop POC margin of error' # # #;prppoc FLOAT 'Race - Proportion POC' # # #;prppocmoe FLOAT 'Race - Proportion POC margin of error' # # #;maxprppoc FLOAT 'Race - Max Proportion identifying as POC' # # #;statuspoc TEXT 'Race - Census Tract meets EJ threshold' 255 # #;maxprplep FLOAT 'Language - Max proportion with LEP' # # #;prplep FLOAT 'Language - Proportion pop with LEP' # # #;prplepmoe FLOAT 'Language - Proportion pop with LEP margin of error' # # #;statuslep TEXT 'Language - Proportion pop with LEP margin of error' 255 # #;totlep FLOAT 'Language - Total pop estimate' # # #;totlepmoe FLOAT 'Language - Total pop margin of error' # # #;poplep FLOAT 'Language - Pop with LEP' # # #;poplepmoe FLOAT 'Language - Pop with LEP margin of error' # # #;totlan FLOAT 'Language - Total pop estimate' # # #;totengonly FLOAT 'Language - Pop only English' # # #;nonenglan1 TEXT 'Language - 1st non-English language' 254 # #;nonenglan2 TEXT 'Language - 2nd non-English language' 254 # #;nonenglan3 TEXT 'Language - 3rd non-English language' 254 # #;nonengpop1 FLOAT 'Language - Pop 1st non-English Language' # # #;nonengpop2 FLOAT 'Language - Pop 2st non-English Language' # # #;nonengpop3 FLOAT 'Language - Pop 3st non-English Language' # # #;totnoneng FLOAT 'Language - Pop non-English Language' # # #;prpnoneng FLOAT 'Language - Proportion non-English Language' # # #;prpnoneng1 FLOAT 'Language - Proportion 1st non-English Language' # # #;prpnoneng2 FLOAT 'Language - Proportion 2nd non-English Language' # # #;prpnoneng3 FLOAT 'Language - Proportion 3rd non-English Language' # # #;source TEXT 'ACS Version' 255 # #"</Process>
				<Process ToolSource="c:\program files\arcgis\pro\Resources\ArcToolbox\toolboxes\Data Management Tools.tbx\AlterField" Date="20230626" Time="125706">AlterField C:\Users\bgosack\Documents\workspace\ej_legislative_update_20230612\data\outputs\outputs.gdb\ej_mpca_census_20230626_125104pm tractce # "Census Tract Code" Text 6 NULLABLE DO_NOT_CLEAR</Process>
				<Process ToolSource="c:\program files\arcgis\pro\Resources\ArcToolbox\toolboxes\Data Management Tools.tbx\AlterField" Date="20230626" Time="125707">AlterField C:\Users\bgosack\Documents\workspace\ej_legislative_update_20230612\data\outputs\outputs.gdb\ej_mpca_census_20230626_125104pm geoid # "Census Geographic ID" Text 11 NULLABLE DO_NOT_CLEAR</Process>
				<Process ToolSource="c:\program files\arcgis\pro\Resources\ArcToolbox\toolboxes\Data Management Tools.tbx\AlterField" Date="20230626" Time="125707">AlterField C:\Users\bgosack\Documents\workspace\ej_legislative_update_20230612\data\outputs\outputs.gdb\ej_mpca_census_20230626_125104pm name # "Geographic Area Name" Text 7 NULLABLE DO_NOT_CLEAR</Process>
				<Process ToolSource="c:\program files\arcgis\pro\Resources\ArcToolbox\toolboxes\Data Management Tools.tbx\AlterField" Date="20230626" Time="125707">AlterField C:\Users\bgosack\Documents\workspace\ej_legislative_update_20230612\data\outputs\outputs.gdb\ej_mpca_census_20230626_125104pm namelsad # "LSAD Area Name" Text 20 NULLABLE DO_NOT_CLEAR</Process>
				<Process ToolSource="c:\program files\arcgis\pro\Resources\ArcToolbox\toolboxes\Data Management Tools.tbx\AlterField" Date="20230626" Time="125707">AlterField C:\Users\bgosack\Documents\workspace\ej_legislative_update_20230612\data\outputs\outputs.gdb\ej_mpca_census_20230626_125104pm mtfcc # "MAF/TIGER Feature Class Code" Text 5 NULLABLE DO_NOT_CLEAR</Process>
				<Process ToolSource="c:\program files\arcgis\pro\Resources\ArcToolbox\toolboxes\Data Management Tools.tbx\AlterField" Date="20230626" Time="125707">AlterField C:\Users\bgosack\Documents\workspace\ej_legislative_update_20230612\data\outputs\outputs.gdb\ej_mpca_census_20230626_125104pm funcstat # "Functional Status" Text 1 NULLABLE DO_NOT_CLEAR</Process>
				<Process ToolSource="c:\program files\arcgis\pro\Resources\ArcToolbox\toolboxes\Data Management Tools.tbx\AlterField" Date="20230626" Time="125708">AlterField C:\Users\bgosack\Documents\workspace\ej_legislative_update_20230612\data\outputs\outputs.gdb\ej_mpca_census_20230626_125104pm aland # "Land Area" "Double  (double precision)" 8 NULLABLE DO_NOT_CLEAR</Process>
				<Process ToolSource="c:\program files\arcgis\pro\Resources\ArcToolbox\toolboxes\Data Management Tools.tbx\AlterField" Date="20230626" Time="125708">AlterField C:\Users\bgosack\Documents\workspace\ej_legislative_update_20230612\data\outputs\outputs.gdb\ej_mpca_census_20230626_125104pm awater # "Water Area" "Double  (double precision)" 8 NULLABLE DO_NOT_CLEAR</Process>
				<Process ToolSource="c:\program files\arcgis\pro\Resources\ArcToolbox\toolboxes\Data Management Tools.tbx\AlterField" Date="20230626" Time="125708">AlterField C:\Users\bgosack\Documents\workspace\ej_legislative_update_20230612\data\outputs\outputs.gdb\ej_mpca_census_20230626_125104pm intptlat # "latitude (centroid)" Text 11 NULLABLE DO_NOT_CLEAR</Process>
				<Process ToolSource="c:\program files\arcgis\pro\Resources\ArcToolbox\toolboxes\Data Management Tools.tbx\AlterField" Date="20230626" Time="125708">AlterField C:\Users\bgosack\Documents\workspace\ej_legislative_update_20230612\data\outputs\outputs.gdb\ej_mpca_census_20230626_125104pm intptlon # "longitude (centroid)" Text 12 NULLABLE DO_NOT_CLEAR</Process>
				<Process ToolSource="c:\program files\arcgis\pro\Resources\ArcToolbox\toolboxes\Data Management Tools.tbx\AlterField" Date="20230626" Time="125708">AlterField C:\Users\bgosack\Documents\workspace\ej_legislative_update_20230612\data\outputs\outputs.gdb\ej_mpca_census_20230626_125104pm geography # "Geography Description" Text 254 NULLABLE DO_NOT_CLEAR</Process>
				<Process ToolSource="c:\program files\arcgis\pro\Resources\ArcToolbox\toolboxes\Conversion Tools.tbx\FeatureClassToFeatureClass" Date="20230626" Time="125713">FeatureClassToFeatureClass C:\Users\bgosack\Documents\workspace\ej_legislative_update_20230612\data\outputs\outputs.gdb\ej_mpca_census_20230626_125104pm C:\Users\bgosack\Documents\workspace\ej_legislative_update_20230612\data\outputs\outputs.gdb ej_mpca_census_20230626_125712pm # "statefp "statefp" true true false 2 Text 0 0,First,#,C:\Users\bgosack\Documents\workspace\ej_legislative_update_20230612\data\outputs\outputs.gdb\ej_mpca_census_20230626_125104pm,statefp,0,2;countyfp "countyfp" true true false 3 Text 0 0,First,#,C:\Users\bgosack\Documents\workspace\ej_legislative_update_20230612\data\outputs\outputs.gdb\ej_mpca_census_20230626_125104pm,countyfp,0,3;tractce "Census Tract Code" true true false 6 Text 0 0,First,#,C:\Users\bgosack\Documents\workspace\ej_legislative_update_20230612\data\outputs\outputs.gdb\ej_mpca_census_20230626_125104pm,tractce,0,6;geoid "Census Geographic ID" true true false 11 Text 0 0,First,#,C:\Users\bgosack\Documents\workspace\ej_legislative_update_20230612\data\outputs\outputs.gdb\ej_mpca_census_20230626_125104pm,geoid,0,11;name "Geographic Area Name" true true false 7 Text 0 0,First,#,C:\Users\bgosack\Documents\workspace\ej_legislative_update_20230612\data\outputs\outputs.gdb\ej_mpca_census_20230626_125104pm,name,0,7;namelsad "LSAD Area Name" true true false 20 Text 0 0,First,#,C:\Users\bgosack\Documents\workspace\ej_legislative_update_20230612\data\outputs\outputs.gdb\ej_mpca_census_20230626_125104pm,namelsad,0,20;mtfcc "MAF/TIGER Feature Class Code" true true false 5 Text 0 0,First,#,C:\Users\bgosack\Documents\workspace\ej_legislative_update_20230612\data\outputs\outputs.gdb\ej_mpca_census_20230626_125104pm,mtfcc,0,5;funcstat "Functional Status" true true false 1 Text 0 0,First,#,C:\Users\bgosack\Documents\workspace\ej_legislative_update_20230612\data\outputs\outputs.gdb\ej_mpca_census_20230626_125104pm,funcstat,0,1;aland "Land Area" true true false 8 Double 0 0,First,#,C:\Users\bgosack\Documents\workspace\ej_legislative_update_20230612\data\outputs\outputs.gdb\ej_mpca_census_20230626_125104pm,aland,-1,-1;awater "Water Area" true true false 8 Double 0 0,First,#,C:\Users\bgosack\Documents\workspace\ej_legislative_update_20230612\data\outputs\outputs.gdb\ej_mpca_census_20230626_125104pm,awater,-1,-1;intptlat "latitude (centroid)" true true false 11 Text 0 0,First,#,C:\Users\bgosack\Documents\workspace\ej_legislative_update_20230612\data\outputs\outputs.gdb\ej_mpca_census_20230626_125104pm,intptlat,0,11;intptlon "longitude (centroid)" true true false 12 Text 0 0,First,#,C:\Users\bgosack\Documents\workspace\ej_legislative_update_20230612\data\outputs\outputs.gdb\ej_mpca_census_20230626_125104pm,intptlon,0,12;geoiddata "geoiddata" true true false 254 Text 0 0,First,#,C:\Users\bgosack\Documents\workspace\ej_legislative_update_20230612\data\outputs\outputs.gdb\ej_mpca_census_20230626_125104pm,geoiddata,0,254;geography "Geography Description" true true false 254 Text 0 0,First,#,C:\Users\bgosack\Documents\workspace\ej_legislative_update_20230612\data\outputs\outputs.gdb\ej_mpca_census_20230626_125104pm,geography,0,254;Shape_Length "Shape_Length" false true true 8 Double 0 0,First,#,C:\Users\bgosack\Documents\workspace\ej_legislative_update_20230612\data\outputs\outputs.gdb\ej_mpca_census_20230626_125104pm,Shape_Length,-1,-1;Shape_Area "Shape_Area" false true true 8 Double 0 0,First,#,C:\Users\bgosack\Documents\workspace\ej_legislative_update_20230612\data\outputs\outputs.gdb\ej_mpca_census_20230626_125104pm,Shape_Area,-1,-1;maxprp200x "Poverty - Maximum proportion below threshold" true true false 4 Float 0 0,First,#,C:\Users\bgosack\Documents\workspace\ej_legislative_update_20230612\data\outputs\outputs.gdb\ej_mpca_census_20230626_125104pm,maxprp200x,-1,-1;prp200x "Poverty - Proportion of population below threshold" true true false 4 Float 0 0,First,#,C:\Users\bgosack\Documents\workspace\ej_legislative_update_20230612\data\outputs\outputs.gdb\ej_mpca_census_20230626_125104pm,prp200x,-1,-1;prp200xmoe "Poverty - Proportion below threshold margin of error" true true false 4 Float 0 0,First,#,C:\Users\bgosack\Documents\workspace\ej_legislative_update_20230612\data\outputs\outputs.gdb\ej_mpca_census_20230626_125104pm,prp200xmoe,-1,-1;status200x "Poverty - Census Tract meets EJ threshold" true true false 255 Text 0 0,First,#,C:\Users\bgosack\Documents\workspace\ej_legislative_update_20230612\data\outputs\outputs.gdb\ej_mpca_census_20230626_125104pm,status200x,0,255;totpov "Poverty - Total population estimate" true true false 4 Float 0 0,First,#,C:\Users\bgosack\Documents\workspace\ej_legislative_update_20230612\data\outputs\outputs.gdb\ej_mpca_census_20230626_125104pm,totpov,-1,-1;totpovmoe "Poverty - Total population estimate margin of error" true true false 4 Float 0 0,First,#,C:\Users\bgosack\Documents\workspace\ej_legislative_update_20230612\data\outputs\outputs.gdb\ej_mpca_census_20230626_125104pm,totpovmoe,-1,-1;pop200x "Poverty - Pop below threshold" true true false 4 Float 0 0,First,#,C:\Users\bgosack\Documents\workspace\ej_legislative_update_20230612\data\outputs\outputs.gdb\ej_mpca_census_20230626_125104pm,pop200x,-1,-1;pop200xmoe "Poverty - Pop below threshold margin of Error" true true false 4 Float 0 0,First,#,C:\Users\bgosack\Documents\workspace\ej_legislative_update_20230612\data\outputs\outputs.gdb\ej_mpca_census_20230626_125104pm,pop200xmoe,-1,-1;totpoc "Race - Total pop estimate" true true false 4 Float 0 0,First,#,C:\Users\bgosack\Documents\workspace\ej_legislative_update_20230612\data\outputs\outputs.gdb\ej_mpca_census_20230626_125104pm,totpoc,-1,-1;totpocmoe "Race - Total pop estimate margin of error" true true false 4 Float 0 0,First,#,C:\Users\bgosack\Documents\workspace\ej_legislative_update_20230612\data\outputs\outputs.gdb\ej_mpca_census_20230626_125104pm,totpocmoe,-1,-1;poc "Race - Pop identifying as POC" true true false 4 Float 0 0,First,#,C:\Users\bgosack\Documents\workspace\ej_legislative_update_20230612\data\outputs\outputs.gdb\ej_mpca_census_20230626_125104pm,poc,-1,-1;pocmoe "Race - Pop POC margin of error" true true false 4 Float 0 0,First,#,C:\Users\bgosack\Documents\workspace\ej_legislative_update_20230612\data\outputs\outputs.gdb\ej_mpca_census_20230626_125104pm,pocmoe,-1,-1;prppoc "Race - Proportion POC" true true false 4 Float 0 0,First,#,C:\Users\bgosack\Documents\workspace\ej_legislative_update_20230612\data\outputs\outputs.gdb\ej_mpca_census_20230626_125104pm,prppoc,-1,-1;prppocmoe "Race - Proportion POC margin of error" true true false 4 Float 0 0,First,#,C:\Users\bgosack\Documents\workspace\ej_legislative_update_20230612\data\outputs\outputs.gdb\ej_mpca_census_20230626_125104pm,prppocmoe,-1,-1;maxprppoc "Race - Max Proportion identifying as POC" true true false 4 Float 0 0,First,#,C:\Users\bgosack\Documents\workspace\ej_legislative_update_20230612\data\outputs\outputs.gdb\ej_mpca_census_20230626_125104pm,maxprppoc,-1,-1;statuspoc "Race - Census Tract meets EJ threshold" true true false 255 Text 0 0,First,#,C:\Users\bgosack\Documents\workspace\ej_legislative_update_20230612\data\outputs\outputs.gdb\ej_mpca_census_20230626_125104pm,statuspoc,0,255;maxprplep "Language - Max proportion with LEP" true true false 4 Float 0 0,First,#,C:\Users\bgosack\Documents\workspace\ej_legislative_update_20230612\data\outputs\outputs.gdb\ej_mpca_census_20230626_125104pm,maxprplep,-1,-1;prplep "Language - Proportion pop with LEP" true true false 4 Float 0 0,First,#,C:\Users\bgosack\Documents\workspace\ej_legislative_update_20230612\data\outputs\outputs.gdb\ej_mpca_census_20230626_125104pm,prplep,-1,-1;prplepmoe "Language - Proportion pop with LEP margin of error" true true false 4 Float 0 0,First,#,C:\Users\bgosack\Documents\workspace\ej_legislative_update_20230612\data\outputs\outputs.gdb\ej_mpca_census_20230626_125104pm,prplepmoe,-1,-1;statuslep "Language - Proportion pop with LEP margin of error" true true false 255 Text 0 0,First,#,C:\Users\bgosack\Documents\workspace\ej_legislative_update_20230612\data\outputs\outputs.gdb\ej_mpca_census_20230626_125104pm,statuslep,0,255;totlep "Language - Total pop estimate" true true false 4 Float 0 0,First,#,C:\Users\bgosack\Documents\workspace\ej_legislative_update_20230612\data\outputs\outputs.gdb\ej_mpca_census_20230626_125104pm,totlep,-1,-1;totlepmoe "Language - Total pop margin of error" true true false 4 Float 0 0,First,#,C:\Users\bgosack\Documents\workspace\ej_legislative_update_20230612\data\outputs\outputs.gdb\ej_mpca_census_20230626_125104pm,totlepmoe,-1,-1;poplep "Language - Pop with LEP" true true false 4 Float 0 0,First,#,C:\Users\bgosack\Documents\workspace\ej_legislative_update_20230612\data\outputs\outputs.gdb\ej_mpca_census_20230626_125104pm,poplep,-1,-1;poplepmoe "Language - Pop with LEP margin of error" true true false 4 Float 0 0,First,#,C:\Users\bgosack\Documents\workspace\ej_legislative_update_20230612\data\outputs\outputs.gdb\ej_mpca_census_20230626_125104pm,poplepmoe,-1,-1;totlan "Language - Total pop estimate" true true false 4 Float 0 0,First,#,C:\Users\bgosack\Documents\workspace\ej_legislative_update_20230612\data\outputs\outputs.gdb\ej_mpca_census_20230626_125104pm,totlan,-1,-1;totengonly "Language - Pop only English" true true false 4 Float 0 0,First,#,C:\Users\bgosack\Documents\workspace\ej_legislative_update_20230612\data\outputs\outputs.gdb\ej_mpca_census_20230626_125104pm,totengonly,-1,-1;nonenglan1 "Language - 1st non-English language" true true false 254 Text 0 0,First,#,C:\Users\bgosack\Documents\workspace\ej_legislative_update_20230612\data\outputs\outputs.gdb\ej_mpca_census_20230626_125104pm,nonenglan1,0,254;nonenglan2 "Language - 2nd non-English language" true true false 254 Text 0 0,First,#,C:\Users\bgosack\Documents\workspace\ej_legislative_update_20230612\data\outputs\outputs.gdb\ej_mpca_census_20230626_125104pm,nonenglan2,0,254;nonenglan3 "Language - 3rd non-English language" true true false 254 Text 0 0,First,#,C:\Users\bgosack\Documents\workspace\ej_legislative_update_20230612\data\outputs\outputs.gdb\ej_mpca_census_20230626_125104pm,nonenglan3,0,254;nonengpop1 "Language - Pop 1st non-English Language" true true false 4 Float 0 0,First,#,C:\Users\bgosack\Documents\workspace\ej_legislative_update_20230612\data\outputs\outputs.gdb\ej_mpca_census_20230626_125104pm,nonengpop1,-1,-1;nonengpop2 "Language - Pop 2st non-English Language" true true false 4 Float 0 0,First,#,C:\Users\bgosack\Documents\workspace\ej_legislative_update_20230612\data\outputs\outputs.gdb\ej_mpca_census_20230626_125104pm,nonengpop2,-1,-1;nonengpop3 "Language - Pop 3st non-English Language" true true false 4 Float 0 0,First,#,C:\Users\bgosack\Documents\workspace\ej_legislative_update_20230612\data\outputs\outputs.gdb\ej_mpca_census_20230626_125104pm,nonengpop3,-1,-1;totnoneng "Language - Pop non-English Language" true true false 4 Float 0 0,First,#,C:\Users\bgosack\Documents\workspace\ej_legislative_update_20230612\data\outputs\outputs.gdb\ej_mpca_census_20230626_125104pm,totnoneng,-1,-1;prpnoneng "Language - Proportion non-English Language" true true false 4 Float 0 0,First,#,C:\Users\bgosack\Documents\workspace\ej_legislative_update_20230612\data\outputs\outputs.gdb\ej_mpca_census_20230626_125104pm,prpnoneng,-1,-1;prpnoneng1 "Language - Proportion 1st non-English Language" true true false 4 Float 0 0,First,#,C:\Users\bgosack\Documents\workspace\ej_legislative_update_20230612\data\outputs\outputs.gdb\ej_mpca_census_20230626_125104pm,prpnoneng1,-1,-1;prpnoneng2 "Language - Proportion 2nd non-English Language" true true false 4 Float 0 0,First,#,C:\Users\bgosack\Documents\workspace\ej_legislative_update_20230612\data\outputs\outputs.gdb\ej_mpca_census_20230626_125104pm,prpnoneng2,-1,-1;prpnoneng3 "Language - Proportion 3rd non-English Language" true true false 4 Float 0 0,First,#,C:\Users\bgosack\Documents\workspace\ej_legislative_update_20230612\data\outputs\outputs.gdb\ej_mpca_census_20230626_125104pm,prpnoneng3,-1,-1;source "ACS Version" true true false 255 Text 0 0,First,#,C:\Users\bgosack\Documents\workspace\ej_legislative_update_20230612\data\outputs\outputs.gdb\ej_mpca_census_20230626_125104pm,source,0,255" #</Process>
				<Process ToolSource="c:\program files\arcgis\pro\Resources\ArcToolbox\Toolboxes\Data Management Tools.tbx\UpdateSchema" Date="20230626" Time="143246">UpdateSchema "CIMDATA=&lt;CIMStandardDataConnection xsi:type='typens:CIMStandardDataConnection' xmlns:xsi='http://www.w3.org/2001/XMLSchema-instance' xmlns:xs='http://www.w3.org/2001/XMLSchema' xmlns:typens='http://www.esri.com/schemas/ArcGIS/2.8.0'&gt;&lt;WorkspaceConnectionString&gt;DATABASE=C:\Users\bgosack\Documents\workspace\ej_legislative_update_20230612\data\outputs\outputs.gdb&lt;/WorkspaceConnectionString&gt;&lt;WorkspaceFactory&gt;FileGDB&lt;/WorkspaceFactory&gt;&lt;Dataset&gt;ej_mpca_census_20230626_125712pm&lt;/Dataset&gt;&lt;DatasetType&gt;esriDTFeatureClass&lt;/DatasetType&gt;&lt;/CIMStandardDataConnection&gt;" &lt;operationSequence&gt;&lt;workflow&gt;&lt;DeleteField&gt;&lt;field_name&gt;geoiddata&lt;/field_name&gt;&lt;/DeleteField&gt;&lt;/workflow&gt;&lt;/operationSequence&gt;</Process>
				<Process ToolSource="c:\program files\arcgis\pro\Resources\ArcToolbox\Toolboxes\Data Management Tools.tbx\UpdateSchema" Date="20230626" Time="145104">UpdateSchema "CIMDATA=&lt;CIMStandardDataConnection xsi:type='typens:CIMStandardDataConnection' xmlns:xsi='http://www.w3.org/2001/XMLSchema-instance' xmlns:xs='http://www.w3.org/2001/XMLSchema' xmlns:typens='http://www.esri.com/schemas/ArcGIS/2.8.0'&gt;&lt;WorkspaceConnectionString&gt;DATABASE=C:\Users\bgosack\Documents\workspace\ej_legislative_update_20230612\data\outputs\outputs.gdb&lt;/WorkspaceConnectionString&gt;&lt;WorkspaceFactory&gt;FileGDB&lt;/WorkspaceFactory&gt;&lt;Dataset&gt;ej_mpca_census_20230626_125712pm&lt;/Dataset&gt;&lt;DatasetType&gt;esriDTFeatureClass&lt;/DatasetType&gt;&lt;/CIMStandardDataConnection&gt;" "&lt;operationSequence&gt;&lt;workflow&gt;&lt;AlterField&gt;&lt;field_name&gt;statuslep&lt;/field_name&gt;&lt;field_alias&gt;Language - Census Tract meets EJ criteria &lt;/field_alias&gt;&lt;field_type&gt;TEXT&lt;/field_type&gt;&lt;field_is_nullable&gt;True&lt;/field_is_nullable&gt;&lt;clear_field_alias&gt;False&lt;/clear_field_alias&gt;&lt;/AlterField&gt;&lt;/workflow&gt;&lt;/operationSequence&gt;"</Process>
				<Process ToolSource="c:\program files\arcgis\pro\Resources\ArcToolbox\Toolboxes\Data Management Tools.tbx\CopyMultiple" Date="20230626" Time="145122">CopyMultiple "C:\Users\bgosack\Documents\workspace\ej_legislative_update_20230612\data\outputs\outputs.gdb\ej_mpca_census_20230626_125712pm FeatureClass" C:\Users\bgosack\Documents\workspace\ej_legislative_update_20230612\scripts\2_update_gdrs_resource\env_ej_mpca_census\fgdb\env_ej_mpca_census.gdb ej_mpca_census_20230626_125712pm "ej_mpca_census_20230626_125712pm FeatureClass ej_mpca_census_20230626_125712pm #"</Process>
				<Process ToolSource="c:\program files\arcgis\pro\Resources\ArcToolbox\Toolboxes\Data Management Tools.tbx\Rename" Date="20230626" Time="145135">Rename C:\Users\bgosack\Documents\workspace\ej_legislative_update_20230612\scripts\2_update_gdrs_resource\env_ej_mpca_census\fgdb\env_ej_mpca_census.gdb\ej_mpca_census_20230626_125712pm C:\Users\bgosack\Documents\workspace\ej_legislative_update_20230612\scripts\2_update_gdrs_resource\env_ej_mpca_census\fgdb\env_ej_mpca_census.gdb\ej_mpca_census FeatureClass</Process>
				<Process ToolSource="c:\program files\arcgis\pro\Resources\ArcToolbox\Toolboxes\Data Management Tools.tbx\UpdateSchema" Date="20230627" Time="154340">UpdateSchema "CIMDATA=&lt;CIMStandardDataConnection xsi:type='typens:CIMStandardDataConnection' xmlns:xsi='http://www.w3.org/2001/XMLSchema-instance' xmlns:xs='http://www.w3.org/2001/XMLSchema' xmlns:typens='http://www.esri.com/schemas/ArcGIS/2.8.0'&gt;&lt;WorkspaceConnectionString&gt;DATABASE=C:\Users\bgosack\Documents\workspace\ej_legislative_update_20230612\scripts\2_update_gdrs_resource\env_ej_mpca_census\fgdb\env_ej_mpca_census.gdb&lt;/WorkspaceConnectionString&gt;&lt;WorkspaceFactory&gt;FileGDB&lt;/WorkspaceFactory&gt;&lt;Dataset&gt;ej_mpca_census&lt;/Dataset&gt;&lt;DatasetType&gt;esriDTFeatureClass&lt;/DatasetType&gt;&lt;/CIMStandardDataConnection&gt;" "&lt;operationSequence&gt;&lt;workflow&gt;&lt;AlterField&gt;&lt;field_name&gt;nonengpop2&lt;/field_name&gt;&lt;field_alias&gt;Language - Pop 2nd non-English Language&lt;/field_alias&gt;&lt;field_is_nullable&gt;True&lt;/field_is_nullable&gt;&lt;clear_field_alias&gt;False&lt;/clear_field_alias&gt;&lt;/AlterField&gt;&lt;/workflow&gt;&lt;workflow&gt;&lt;AlterField&gt;&lt;field_name&gt;nonengpop3&lt;/field_name&gt;&lt;field_alias&gt;Language - Pop 3rd non-English Language&lt;/field_alias&gt;&lt;field_is_nullable&gt;True&lt;/field_is_nullable&gt;&lt;clear_field_alias&gt;False&lt;/clear_field_alias&gt;&lt;/AlterField&gt;&lt;/workflow&gt;&lt;/operationSequence&gt;"</Process>
				<Process ToolSource="C:\program files\arcgis\server\ArcToolbox\Toolboxes\Conversion Tools.tbx\FeatureClassToFeatureClass" Date="20231016" Time="235448">FeatureClassToFeatureClass /var/ftp/gdrs_temp/update\us_mn_state_pca\env_ej_mpca_census\fgdb\env_ej_mpca_census.gdb\ej_mpca_census /var/ftp/gdrs_temp/update\us_mn_state_pca\env_ej_mpca_census\shp ej_mpca_census.shp # "statefp "statefp" true true false 2 Text 0 0 ,First,#,/var/ftp/gdrs_temp/update\us_mn_state_pca\env_ej_mpca_census\fgdb\env_ej_mpca_census.gdb\ej_mpca_census,statefp,-1,-1;countyfp "countyfp" true true false 3 Text 0 0 ,First,#,/var/ftp/gdrs_temp/update\us_mn_state_pca\env_ej_mpca_census\fgdb\env_ej_mpca_census.gdb\ej_mpca_census,countyfp,-1,-1;tractce "Census Tract Code" true true false 6 Text 0 0 ,First,#,/var/ftp/gdrs_temp/update\us_mn_state_pca\env_ej_mpca_census\fgdb\env_ej_mpca_census.gdb\ej_mpca_census,tractce,-1,-1;geoid "Census Geographic ID" true true false 11 Text 0 0 ,First,#,/var/ftp/gdrs_temp/update\us_mn_state_pca\env_ej_mpca_census\fgdb\env_ej_mpca_census.gdb\ej_mpca_census,geoid,-1,-1;name "Geographic Area Name" true true false 7 Text 0 0 ,First,#,/var/ftp/gdrs_temp/update\us_mn_state_pca\env_ej_mpca_census\fgdb\env_ej_mpca_census.gdb\ej_mpca_census,name,-1,-1;namelsad "LSAD Area Name" true true false 20 Text 0 0 ,First,#,/var/ftp/gdrs_temp/update\us_mn_state_pca\env_ej_mpca_census\fgdb\env_ej_mpca_census.gdb\ej_mpca_census,namelsad,-1,-1;mtfcc "MAF/TIGER Feature Class Code" true true false 5 Text 0 0 ,First,#,/var/ftp/gdrs_temp/update\us_mn_state_pca\env_ej_mpca_census\fgdb\env_ej_mpca_census.gdb\ej_mpca_census,mtfcc,-1,-1;funcstat "Functional Status" true true false 1 Text 0 0 ,First,#,/var/ftp/gdrs_temp/update\us_mn_state_pca\env_ej_mpca_census\fgdb\env_ej_mpca_census.gdb\ej_mpca_census,funcstat,-1,-1;aland "Land Area" true true false 8 Double 0 0 ,First,#,/var/ftp/gdrs_temp/update\us_mn_state_pca\env_ej_mpca_census\fgdb\env_ej_mpca_census.gdb\ej_mpca_census,aland,-1,-1;awater "Water Area" true true false 8 Double 0 0 ,First,#,/var/ftp/gdrs_temp/update\us_mn_state_pca\env_ej_mpca_census\fgdb\env_ej_mpca_census.gdb\ej_mpca_census,awater,-1,-1;intptlat "latitude (centroid)" true true false 11 Text 0 0 ,First,#,/var/ftp/gdrs_temp/update\us_mn_state_pca\env_ej_mpca_census\fgdb\env_ej_mpca_census.gdb\ej_mpca_census,intptlat,-1,-1;intptlon "longitude (centroid)" true true false 12 Text 0 0 ,First,#,/var/ftp/gdrs_temp/update\us_mn_state_pca\env_ej_mpca_census\fgdb\env_ej_mpca_census.gdb\ej_mpca_census,intptlon,-1,-1;geography "Geography Description" true true false 254 Text 0 0 ,First,#,/var/ftp/gdrs_temp/update\us_mn_state_pca\env_ej_mpca_census\fgdb\env_ej_mpca_census.gdb\ej_mpca_census,geography,-1,-1;maxprp200x "Poverty - Maximum proportion below threshold" true true false 4 Float 0 0 ,First,#,/var/ftp/gdrs_temp/update\us_mn_state_pca\env_ej_mpca_census\fgdb\env_ej_mpca_census.gdb\ej_mpca_census,maxprp200x,-1,-1;prp200x "Poverty - Proportion of population below threshold" true true false 4 Float 0 0 ,First,#,/var/ftp/gdrs_temp/update\us_mn_state_pca\env_ej_mpca_census\fgdb\env_ej_mpca_census.gdb\ej_mpca_census,prp200x,-1,-1;prp200xmoe "Poverty - Proportion below threshold margin of error" true true false 4 Float 0 0 ,First,#,/var/ftp/gdrs_temp/update\us_mn_state_pca\env_ej_mpca_census\fgdb\env_ej_mpca_census.gdb\ej_mpca_census,prp200xmoe,-1,-1;status200x "Poverty - Census Tract meets EJ threshold" true true false 255 Text 0 0 ,First,#,/var/ftp/gdrs_temp/update\us_mn_state_pca\env_ej_mpca_census\fgdb\env_ej_mpca_census.gdb\ej_mpca_census,status200x,-1,-1;totpov "Poverty - Total population estimate" true true false 4 Float 0 0 ,First,#,/var/ftp/gdrs_temp/update\us_mn_state_pca\env_ej_mpca_census\fgdb\env_ej_mpca_census.gdb\ej_mpca_census,totpov,-1,-1;totpovmoe "Poverty - Total population estimate margin of error" true true false 4 Float 0 0 ,First,#,/var/ftp/gdrs_temp/update\us_mn_state_pca\env_ej_mpca_census\fgdb\env_ej_mpca_census.gdb\ej_mpca_census,totpovmoe,-1,-1;pop200x "Poverty - Pop below threshold" true true false 4 Float 0 0 ,First,#,/var/ftp/gdrs_temp/update\us_mn_state_pca\env_ej_mpca_census\fgdb\env_ej_mpca_census.gdb\ej_mpca_census,pop200x,-1,-1;pop200xmoe "Poverty - Pop below threshold margin of Error" true true false 4 Float 0 0 ,First,#,/var/ftp/gdrs_temp/update\us_mn_state_pca\env_ej_mpca_census\fgdb\env_ej_mpca_census.gdb\ej_mpca_census,pop200xmoe,-1,-1;totpoc "Race - Total pop estimate" true true false 4 Float 0 0 ,First,#,/var/ftp/gdrs_temp/update\us_mn_state_pca\env_ej_mpca_census\fgdb\env_ej_mpca_census.gdb\ej_mpca_census,totpoc,-1,-1;totpocmoe "Race - Total pop estimate margin of error" true true false 4 Float 0 0 ,First,#,/var/ftp/gdrs_temp/update\us_mn_state_pca\env_ej_mpca_census\fgdb\env_ej_mpca_census.gdb\ej_mpca_census,totpocmoe,-1,-1;poc "Race - Pop identifying as POC" true true false 4 Float 0 0 ,First,#,/var/ftp/gdrs_temp/update\us_mn_state_pca\env_ej_mpca_census\fgdb\env_ej_mpca_census.gdb\ej_mpca_census,poc,-1,-1;pocmoe "Race - Pop POC margin of error" true true false 4 Float 0 0 ,First,#,/var/ftp/gdrs_temp/update\us_mn_state_pca\env_ej_mpca_census\fgdb\env_ej_mpca_census.gdb\ej_mpca_census,pocmoe,-1,-1;prppoc "Race - Proportion POC" true true false 4 Float 0 0 ,First,#,/var/ftp/gdrs_temp/update\us_mn_state_pca\env_ej_mpca_census\fgdb\env_ej_mpca_census.gdb\ej_mpca_census,prppoc,-1,-1;prppocmoe "Race - Proportion POC margin of error" true true false 4 Float 0 0 ,First,#,/var/ftp/gdrs_temp/update\us_mn_state_pca\env_ej_mpca_census\fgdb\env_ej_mpca_census.gdb\ej_mpca_census,prppocmoe,-1,-1;maxprppoc "Race - Max Proportion identifying as POC" true true false 4 Float 0 0 ,First,#,/var/ftp/gdrs_temp/update\us_mn_state_pca\env_ej_mpca_census\fgdb\env_ej_mpca_census.gdb\ej_mpca_census,maxprppoc,-1,-1;statuspoc "Race - Census Tract meets EJ threshold" true true false 255 Text 0 0 ,First,#,/var/ftp/gdrs_temp/update\us_mn_state_pca\env_ej_mpca_census\fgdb\env_ej_mpca_census.gdb\ej_mpca_census,statuspoc,-1,-1;maxprplep "Language - Max proportion with LEP" true true false 4 Float 0 0 ,First,#,/var/ftp/gdrs_temp/update\us_mn_state_pca\env_ej_mpca_census\fgdb\env_ej_mpca_census.gdb\ej_mpca_census,maxprplep,-1,-1;prplep "Language - Proportion pop with LEP" true true false 4 Float 0 0 ,First,#,/var/ftp/gdrs_temp/update\us_mn_state_pca\env_ej_mpca_census\fgdb\env_ej_mpca_census.gdb\ej_mpca_census,prplep,-1,-1;prplepmoe "Language - Proportion pop with LEP margin of error" true true false 4 Float 0 0 ,First,#,/var/ftp/gdrs_temp/update\us_mn_state_pca\env_ej_mpca_census\fgdb\env_ej_mpca_census.gdb\ej_mpca_census,prplepmoe,-1,-1;statuslep "Language - Census Tract meets EJ criteria " true true false 255 Text 0 0 ,First,#,/var/ftp/gdrs_temp/update\us_mn_state_pca\env_ej_mpca_census\fgdb\env_ej_mpca_census.gdb\ej_mpca_census,statuslep,-1,-1;totlep "Language - Total pop estimate" true true false 4 Float 0 0 ,First,#,/var/ftp/gdrs_temp/update\us_mn_state_pca\env_ej_mpca_census\fgdb\env_ej_mpca_census.gdb\ej_mpca_census,totlep,-1,-1;totlepmoe "Language - Total pop margin of error" true true false 4 Float 0 0 ,First,#,/var/ftp/gdrs_temp/update\us_mn_state_pca\env_ej_mpca_census\fgdb\env_ej_mpca_census.gdb\ej_mpca_census,totlepmoe,-1,-1;poplep "Language - Pop with LEP" true true false 4 Float 0 0 ,First,#,/var/ftp/gdrs_temp/update\us_mn_state_pca\env_ej_mpca_census\fgdb\env_ej_mpca_census.gdb\ej_mpca_census,poplep,-1,-1;poplepmoe "Language - Pop with LEP margin of error" true true false 4 Float 0 0 ,First,#,/var/ftp/gdrs_temp/update\us_mn_state_pca\env_ej_mpca_census\fgdb\env_ej_mpca_census.gdb\ej_mpca_census,poplepmoe,-1,-1;totlan "Language - Total pop estimate" true true false 4 Float 0 0 ,First,#,/var/ftp/gdrs_temp/update\us_mn_state_pca\env_ej_mpca_census\fgdb\env_ej_mpca_census.gdb\ej_mpca_census,totlan,-1,-1;totengonly "Language - Pop only English" true true false 4 Float 0 0 ,First,#,/var/ftp/gdrs_temp/update\us_mn_state_pca\env_ej_mpca_census\fgdb\env_ej_mpca_census.gdb\ej_mpca_census,totengonly,-1,-1;nonenglan1 "Language - 1st non-English language" true true false 254 Text 0 0 ,First,#,/var/ftp/gdrs_temp/update\us_mn_state_pca\env_ej_mpca_census\fgdb\env_ej_mpca_census.gdb\ej_mpca_census,nonenglan1,-1,-1;nonenglan2 "Language - 2nd non-English language" true true false 254 Text 0 0 ,First,#,/var/ftp/gdrs_temp/update\us_mn_state_pca\env_ej_mpca_census\fgdb\env_ej_mpca_census.gdb\ej_mpca_census,nonenglan2,-1,-1;nonenglan3 "Language - 3rd non-English language" true true false 254 Text 0 0 ,First,#,/var/ftp/gdrs_temp/update\us_mn_state_pca\env_ej_mpca_census\fgdb\env_ej_mpca_census.gdb\ej_mpca_census,nonenglan3,-1,-1;nonengpop1 "Language - Pop 1st non-English Language" true true false 4 Float 0 0 ,First,#,/var/ftp/gdrs_temp/update\us_mn_state_pca\env_ej_mpca_census\fgdb\env_ej_mpca_census.gdb\ej_mpca_census,nonengpop1,-1,-1;nonengpop2 "Language - Pop 2nd non-English Language" true true false 4 Float 0 0 ,First,#,/var/ftp/gdrs_temp/update\us_mn_state_pca\env_ej_mpca_census\fgdb\env_ej_mpca_census.gdb\ej_mpca_census,nonengpop2,-1,-1;nonengpop3 "Language - Pop 3rd non-English Language" true true false 4 Float 0 0 ,First,#,/var/ftp/gdrs_temp/update\us_mn_state_pca\env_ej_mpca_census\fgdb\env_ej_mpca_census.gdb\ej_mpca_census,nonengpop3,-1,-1;totnoneng "Language - Pop non-English Language" true true false 4 Float 0 0 ,First,#,/var/ftp/gdrs_temp/update\us_mn_state_pca\env_ej_mpca_census\fgdb\env_ej_mpca_census.gdb\ej_mpca_census,totnoneng,-1,-1;prpnoneng "Language - Proportion non-English Language" true true false 4 Float 0 0 ,First,#,/var/ftp/gdrs_temp/update\us_mn_state_pca\env_ej_mpca_census\fgdb\env_ej_mpca_census.gdb\ej_mpca_census,prpnoneng,-1,-1;prpnoneng1 "Language - Proportion 1st non-English Language" true true false 4 Float 0 0 ,First,#,/var/ftp/gdrs_temp/update\us_mn_state_pca\env_ej_mpca_census\fgdb\env_ej_mpca_census.gdb\ej_mpca_census,prpnoneng1,-1,-1;prpnoneng2 "Language - Proportion 2nd non-English Language" true true false 4 Float 0 0 ,First,#,/var/ftp/gdrs_temp/update\us_mn_state_pca\env_ej_mpca_census\fgdb\env_ej_mpca_census.gdb\ej_mpca_census,prpnoneng2,-1,-1;prpnoneng3 "Language - Proportion 3rd non-English Language" true true false 4 Float 0 0 ,First,#,/var/ftp/gdrs_temp/update\us_mn_state_pca\env_ej_mpca_census\fgdb\env_ej_mpca_census.gdb\ej_mpca_census,prpnoneng3,-1,-1;source "ACS Version" true true false 255 Text 0 0 ,First,#,/var/ftp/gdrs_temp/update\us_mn_state_pca\env_ej_mpca_census\fgdb\env_ej_mpca_census.gdb\ej_mpca_census,source,-1,-1;Shape_Leng "Shape_Length" false true true 8 Double 0 0 ,First,#,/var/ftp/gdrs_temp/update\us_mn_state_pca\env_ej_mpca_census\fgdb\env_ej_mpca_census.gdb\ej_mpca_census,Shape_Length,-1,-1;Shape_Area "Shape_Area" false true true 8 Double 0 0 ,First,#,/var/ftp/gdrs_temp/update\us_mn_state_pca\env_ej_mpca_census\fgdb\env_ej_mpca_census.gdb\ej_mpca_census,Shape_Area,-1,-1" #</Process>
			</lineage>
			<itemProps>
				<itemLocation>
					<linkage Sync="TRUE">file://\\g46palgdrftp001\Z\var\ftp\gdrs_temp\update\us_mn_state_pca\env_ej_mpca_census\shp\ej_mpca_census.shp</linkage>
					<protocol Sync="TRUE">Local Area Network</protocol>
				</itemLocation>
				<itemName Sync="TRUE">ej_mpca_census</itemName>
				<imsContentType Sync="TRUE">002</imsContentType>
				<itemSize Sync="TRUE">0.000</itemSize>
			</itemProps>
			<coordRef>
				<type Sync="TRUE">Projected</type>
				<geogcsn Sync="TRUE">GCS_North_American_1983</geogcsn>
				<csUnits Sync="TRUE">Linear Unit: Meter (1.000000)</csUnits>
				<projcsn Sync="TRUE">NAD_1983_UTM_Zone_15N</projcsn>
				<peXml Sync="TRUE">&lt;ProjectedCoordinateSystem xsi:type='typens:ProjectedCoordinateSystem' xmlns:xsi='http://www.w3.org/2001/XMLSchema-instance' xmlns:xs='http://www.w3.org/2001/XMLSchema' xmlns:typens='http://www.esri.com/schemas/ArcGIS/10.4'&gt;&lt;WKT&gt;PROJCS[&amp;quot;NAD_1983_UTM_Zone_15N&amp;quot;,GEOGCS[&amp;quot;GCS_North_American_1983&amp;quot;,DATUM[&amp;quot;D_North_American_1983&amp;quot;,SPHEROID[&amp;quot;GRS_1980&amp;quot;,6378137.0,298.257222101]],PRIMEM[&amp;quot;Greenwich&amp;quot;,0.0],UNIT[&amp;quot;Degree&amp;quot;,0.0174532925199433]],PROJECTION[&amp;quot;Transverse_Mercator&amp;quot;],PARAMETER[&amp;quot;False_Easting&amp;quot;,500000.0],PARAMETER[&amp;quot;False_Northing&amp;quot;,0.0],PARAMETER[&amp;quot;Central_Meridian&amp;quot;,-93.0],PARAMETER[&amp;quot;Scale_Factor&amp;quot;,0.9996],PARAMETER[&amp;quot;Latitude_Of_Origin&amp;quot;,0.0],UNIT[&amp;quot;Meter&amp;quot;,1.0],AUTHORITY[&amp;quot;EPSG&amp;quot;,26915]]&lt;/WKT&gt;&lt;XOrigin&gt;-5120900&lt;/XOrigin&gt;&lt;YOrigin&gt;-9998100&lt;/YOrigin&gt;&lt;XYScale&gt;450445547.3910538&lt;/XYScale&gt;&lt;ZOrigin&gt;-100000&lt;/ZOrigin&gt;&lt;ZScale&gt;10000&lt;/ZScale&gt;&lt;MOrigin&gt;-100000&lt;/MOrigin&gt;&lt;MScale&gt;10000&lt;/MScale&gt;&lt;XYTolerance&gt;0.001&lt;/XYTolerance&gt;&lt;ZTolerance&gt;0.001&lt;/ZTolerance&gt;&lt;MTolerance&gt;0.001&lt;/MTolerance&gt;&lt;HighPrecision&gt;true&lt;/HighPrecision&gt;&lt;WKID&gt;26915&lt;/WKID&gt;&lt;LatestWKID&gt;26915&lt;/LatestWKID&gt;&lt;/ProjectedCoordinateSystem&gt;</peXml>
			</coordRef>
		</DataProperties>
		<SyncDate>20231016</SyncDate>
		<SyncTime>23544700</SyncTime>
		<ModDate>20231016</ModDate>
		<ModTime>23544700</ModTime>
	</Esri>
	<dataIdInfo>
		<envirDesc Sync="TRUE">Microsoft Windows XP Professional x64 Edition Version 5.2 (Build 3790) Service Pack 2; Esri ArcGIS 10.4.1.5686</envirDesc>
		<dataLang>
			<languageCode value="en" Sync="TRUE"/>
			<countryCode value="US" Sync="TRUE"/>
		</dataLang>
		<idCitation>
			<resTitle Sync="TRUE">ej_mpca_census</resTitle>
			<presForm>
				<PresFormCd value="005" Sync="TRUE"/>
			</presForm>
		</idCitation>
		<spatRpType>
			<SpatRepTypCd value="001" Sync="TRUE"/>
		</spatRpType>
	</dataIdInfo>
	<mdLang>
		<languageCode value="en" Sync="TRUE"/>
		<countryCode value="US" Sync="TRUE"/>
	</mdLang>
	<distInfo>
		<distFormat>
			<formatName Sync="TRUE">Shapefile</formatName>
		</distFormat>
		<distTranOps>
			<transSize Sync="TRUE">0.000</transSize>
		</distTranOps>
	</distInfo>
	<mdHrLv>
		<ScopeCd value="005" Sync="TRUE"/>
	</mdHrLv>
	<mdHrLvName Sync="TRUE">dataset</mdHrLvName>
	<refSysInfo>
		<RefSystem>
			<refSysID>
				<identCode code="26915" Sync="TRUE"/>
				<idCodeSpace Sync="TRUE">EPSG</idCodeSpace>
				<idVersion Sync="TRUE">6.13(3.0.1)</idVersion>
			</refSysID>
		</RefSystem>
	</refSysInfo>
	<spatRepInfo>
		<VectSpatRep>
			<geometObjs Name="ej_mpca_census">
				<geoObjTyp>
					<GeoObjTypCd value="002" Sync="TRUE"/>
				</geoObjTyp>
				<geoObjCnt Sync="TRUE">0</geoObjCnt>
			</geometObjs>
			<topLvl>
				<TopoLevCd value="001" Sync="TRUE"/>
			</topLvl>
		</VectSpatRep>
	</spatRepInfo>
	<spdoinfo>
		<ptvctinf>
			<esriterm Name="ej_mpca_census">
				<efeatyp Sync="TRUE">Simple</efeatyp>
				<efeageom code="4" Sync="TRUE"/>
				<esritopo Sync="TRUE">FALSE</esritopo>
				<efeacnt Sync="TRUE">0</efeacnt>
				<spindex Sync="TRUE">FALSE</spindex>
				<linrefer Sync="TRUE">FALSE</linrefer>
			</esriterm>
		</ptvctinf>
	</spdoinfo>
	<eainfo>
		<detailed Name="ej_mpca_census">
			<enttyp>
				<enttypl Sync="TRUE">ej_mpca_census</enttypl>
				<enttypt Sync="TRUE">Feature Class</enttypt>
				<enttypc Sync="TRUE">0</enttypc>
			</enttyp>
			<attr>
				<attrlabl Sync="TRUE">FID</attrlabl>
				<attalias Sync="TRUE">FID</attalias>
				<attrtype Sync="TRUE">OID</attrtype>
				<attwidth Sync="TRUE">4</attwidth>
				<atprecis Sync="TRUE">0</atprecis>
				<attscale Sync="TRUE">0</attscale>
				<attrdef Sync="TRUE">Internal feature number.</attrdef>
				<attrdefs Sync="TRUE">Esri</attrdefs>
				<attrdomv>
					<udom Sync="TRUE">Sequential unique whole numbers that are automatically generated.</udom>
				</attrdomv>
			</attr>
			<attr>
				<attrlabl Sync="TRUE">Shape</attrlabl>
				<attalias Sync="TRUE">Shape</attalias>
				<attrtype Sync="TRUE">Geometry</attrtype>
				<attwidth Sync="TRUE">0</attwidth>
				<atprecis Sync="TRUE">0</atprecis>
				<attscale Sync="TRUE">0</attscale>
				<attrdef Sync="TRUE">Feature geometry.</attrdef>
				<attrdefs Sync="TRUE">Esri</attrdefs>
				<attrdomv>
					<udom Sync="TRUE">Coordinates defining the features.</udom>
				</attrdomv>
			</attr>
			<attr>
				<attrlabl Sync="TRUE">statefp</attrlabl>
				<attalias Sync="TRUE">statefp</attalias>
				<attrtype Sync="TRUE">String</attrtype>
				<attwidth Sync="TRUE">2</attwidth>
				<atprecis Sync="TRUE">0</atprecis>
				<attscale Sync="TRUE">0</attscale>
			</attr>
			<attr>
				<attrlabl Sync="TRUE">countyfp</attrlabl>
				<attalias Sync="TRUE">countyfp</attalias>
				<attrtype Sync="TRUE">String</attrtype>
				<attwidth Sync="TRUE">3</attwidth>
				<atprecis Sync="TRUE">0</atprecis>
				<attscale Sync="TRUE">0</attscale>
			</attr>
			<attr>
				<attrlabl Sync="TRUE">tractce</attrlabl>
				<attalias Sync="TRUE">tractce</attalias>
				<attrtype Sync="TRUE">String</attrtype>
				<attwidth Sync="TRUE">6</attwidth>
				<atprecis Sync="TRUE">0</atprecis>
				<attscale Sync="TRUE">0</attscale>
			</attr>
			<attr>
				<attrlabl Sync="TRUE">geoid</attrlabl>
				<attalias Sync="TRUE">geoid</attalias>
				<attrtype Sync="TRUE">String</attrtype>
				<attwidth Sync="TRUE">11</attwidth>
				<atprecis Sync="TRUE">0</atprecis>
				<attscale Sync="TRUE">0</attscale>
			</attr>
			<attr>
				<attrlabl Sync="TRUE">name</attrlabl>
				<attalias Sync="TRUE">name</attalias>
				<attrtype Sync="TRUE">String</attrtype>
				<attwidth Sync="TRUE">7</attwidth>
				<atprecis Sync="TRUE">0</atprecis>
				<attscale Sync="TRUE">0</attscale>
			</attr>
			<attr>
				<attrlabl Sync="TRUE">namelsad</attrlabl>
				<attalias Sync="TRUE">namelsad</attalias>
				<attrtype Sync="TRUE">String</attrtype>
				<attwidth Sync="TRUE">20</attwidth>
				<atprecis Sync="TRUE">0</atprecis>
				<attscale Sync="TRUE">0</attscale>
			</attr>
			<attr>
				<attrlabl Sync="TRUE">mtfcc</attrlabl>
				<attalias Sync="TRUE">mtfcc</attalias>
				<attrtype Sync="TRUE">String</attrtype>
				<attwidth Sync="TRUE">5</attwidth>
				<atprecis Sync="TRUE">0</atprecis>
				<attscale Sync="TRUE">0</attscale>
			</attr>
			<attr>
				<attrlabl Sync="TRUE">funcstat</attrlabl>
				<attalias Sync="TRUE">funcstat</attalias>
				<attrtype Sync="TRUE">String</attrtype>
				<attwidth Sync="TRUE">1</attwidth>
				<atprecis Sync="TRUE">0</atprecis>
				<attscale Sync="TRUE">0</attscale>
			</attr>
			<attr>
				<attrlabl Sync="TRUE">aland</attrlabl>
				<attalias Sync="TRUE">aland</attalias>
				<attrtype Sync="TRUE">Double</attrtype>
				<attwidth Sync="TRUE">19</attwidth>
				<atprecis Sync="TRUE">0</atprecis>
				<attscale Sync="TRUE">0</attscale>
			</attr>
			<attr>
				<attrlabl Sync="TRUE">awater</attrlabl>
				<attalias Sync="TRUE">awater</attalias>
				<attrtype Sync="TRUE">Double</attrtype>
				<attwidth Sync="TRUE">19</attwidth>
				<atprecis Sync="TRUE">0</atprecis>
				<attscale Sync="TRUE">0</attscale>
			</attr>
			<attr>
				<attrlabl Sync="TRUE">intptlat</attrlabl>
				<attalias Sync="TRUE">intptlat</attalias>
				<attrtype Sync="TRUE">String</attrtype>
				<attwidth Sync="TRUE">11</attwidth>
				<atprecis Sync="TRUE">0</atprecis>
				<attscale Sync="TRUE">0</attscale>
			</attr>
			<attr>
				<attrlabl Sync="TRUE">intptlon</attrlabl>
				<attalias Sync="TRUE">intptlon</attalias>
				<attrtype Sync="TRUE">String</attrtype>
				<attwidth Sync="TRUE">12</attwidth>
				<atprecis Sync="TRUE">0</atprecis>
				<attscale Sync="TRUE">0</attscale>
			</attr>
			<attr>
				<attrlabl Sync="TRUE">geography</attrlabl>
				<attalias Sync="TRUE">geography</attalias>
				<attrtype Sync="TRUE">String</attrtype>
				<attwidth Sync="TRUE">254</attwidth>
				<atprecis Sync="TRUE">0</atprecis>
				<attscale Sync="TRUE">0</attscale>
			</attr>
			<attr>
				<attrlabl Sync="TRUE">maxprp200x</attrlabl>
				<attalias Sync="TRUE">maxprp200x</attalias>
				<attrtype Sync="TRUE">Single</attrtype>
				<attwidth Sync="TRUE">13</attwidth>
				<atprecis Sync="TRUE">0</atprecis>
				<attscale Sync="TRUE">0</attscale>
			</attr>
			<attr>
				<attrlabl Sync="TRUE">prp200x</attrlabl>
				<attalias Sync="TRUE">prp200x</attalias>
				<attrtype Sync="TRUE">Single</attrtype>
				<attwidth Sync="TRUE">13</attwidth>
				<atprecis Sync="TRUE">0</atprecis>
				<attscale Sync="TRUE">0</attscale>
			</attr>
			<attr>
				<attrlabl Sync="TRUE">prp200xmoe</attrlabl>
				<attalias Sync="TRUE">prp200xmoe</attalias>
				<attrtype Sync="TRUE">Single</attrtype>
				<attwidth Sync="TRUE">13</attwidth>
				<atprecis Sync="TRUE">0</atprecis>
				<attscale Sync="TRUE">0</attscale>
			</attr>
			<attr>
				<attrlabl Sync="TRUE">status200x</attrlabl>
				<attalias Sync="TRUE">status200x</attalias>
				<attrtype Sync="TRUE">String</attrtype>
				<attwidth Sync="TRUE">254</attwidth>
				<atprecis Sync="TRUE">0</atprecis>
				<attscale Sync="TRUE">0</attscale>
			</attr>
			<attr>
				<attrlabl Sync="TRUE">totlan</attrlabl>
				<attalias Sync="TRUE">totlan</attalias>
				<attrtype Sync="TRUE">Single</attrtype>
				<attwidth Sync="TRUE">13</attwidth>
				<atprecis Sync="TRUE">0</atprecis>
				<attscale Sync="TRUE">0</attscale>
			</attr>
			<attr>
				<attrlabl Sync="TRUE">totengonly</attrlabl>
				<attalias Sync="TRUE">totengonly</attalias>
				<attrtype Sync="TRUE">Single</attrtype>
				<attwidth Sync="TRUE">13</attwidth>
				<atprecis Sync="TRUE">0</atprecis>
				<attscale Sync="TRUE">0</attscale>
			</attr>
			<attr>
				<attrlabl Sync="TRUE">pop200x</attrlabl>
				<attalias Sync="TRUE">pop200x</attalias>
				<attrtype Sync="TRUE">Single</attrtype>
				<attwidth Sync="TRUE">13</attwidth>
				<atprecis Sync="TRUE">0</atprecis>
				<attscale Sync="TRUE">0</attscale>
			</attr>
			<attr>
				<attrlabl Sync="TRUE">pop200xmoe</attrlabl>
				<attalias Sync="TRUE">pop200xmoe</attalias>
				<attrtype Sync="TRUE">Single</attrtype>
				<attwidth Sync="TRUE">13</attwidth>
				<atprecis Sync="TRUE">0</atprecis>
				<attscale Sync="TRUE">0</attscale>
			</attr>
			<attr>
				<attrlabl Sync="TRUE">totpoc</attrlabl>
				<attalias Sync="TRUE">totpoc</attalias>
				<attrtype Sync="TRUE">Single</attrtype>
				<attwidth Sync="TRUE">13</attwidth>
				<atprecis Sync="TRUE">0</atprecis>
				<attscale Sync="TRUE">0</attscale>
			</attr>
			<attr>
				<attrlabl Sync="TRUE">totpocmoe</attrlabl>
				<attalias Sync="TRUE">totpocmoe</attalias>
				<attrtype Sync="TRUE">Single</attrtype>
				<attwidth Sync="TRUE">13</attwidth>
				<atprecis Sync="TRUE">0</atprecis>
				<attscale Sync="TRUE">0</attscale>
			</attr>
			<attr>
				<attrlabl Sync="TRUE">nonenglan1</attrlabl>
				<attalias Sync="TRUE">nonenglan1</attalias>
				<attrtype Sync="TRUE">String</attrtype>
				<attwidth Sync="TRUE">254</attwidth>
				<atprecis Sync="TRUE">0</atprecis>
				<attscale Sync="TRUE">0</attscale>
			</attr>
			<attr>
				<attrlabl Sync="TRUE">nonenglan2</attrlabl>
				<attalias Sync="TRUE">nonenglan2</attalias>
				<attrtype Sync="TRUE">String</attrtype>
				<attwidth Sync="TRUE">254</attwidth>
				<atprecis Sync="TRUE">0</atprecis>
				<attscale Sync="TRUE">0</attscale>
			</attr>
			<attr>
				<attrlabl Sync="TRUE">nonenglan3</attrlabl>
				<attalias Sync="TRUE">nonenglan3</attalias>
				<attrtype Sync="TRUE">String</attrtype>
				<attwidth Sync="TRUE">254</attwidth>
				<atprecis Sync="TRUE">0</atprecis>
				<attscale Sync="TRUE">0</attscale>
			</attr>
			<attr>
				<attrlabl Sync="TRUE">nonengpop1</attrlabl>
				<attalias Sync="TRUE">nonengpop1</attalias>
				<attrtype Sync="TRUE">Single</attrtype>
				<attwidth Sync="TRUE">13</attwidth>
				<atprecis Sync="TRUE">0</atprecis>
				<attscale Sync="TRUE">0</attscale>
			</attr>
			<attr>
				<attrlabl Sync="TRUE">nonengpop2</attrlabl>
				<attalias Sync="TRUE">nonengpop2</attalias>
				<attrtype Sync="TRUE">Single</attrtype>
				<attwidth Sync="TRUE">13</attwidth>
				<atprecis Sync="TRUE">0</atprecis>
				<attscale Sync="TRUE">0</attscale>
			</attr>
			<attr>
				<attrlabl Sync="TRUE">nonengpop3</attrlabl>
				<attalias Sync="TRUE">nonengpop3</attalias>
				<attrtype Sync="TRUE">Single</attrtype>
				<attwidth Sync="TRUE">13</attwidth>
				<atprecis Sync="TRUE">0</atprecis>
				<attscale Sync="TRUE">0</attscale>
			</attr>
			<attr>
				<attrlabl Sync="TRUE">maxprplep</attrlabl>
				<attalias Sync="TRUE">maxprplep</attalias>
				<attrtype Sync="TRUE">Single</attrtype>
				<attwidth Sync="TRUE">13</attwidth>
				<atprecis Sync="TRUE">0</atprecis>
				<attscale Sync="TRUE">0</attscale>
			</attr>
			<attr>
				<attrlabl Sync="TRUE">prplep</attrlabl>
				<attalias Sync="TRUE">prplep</attalias>
				<attrtype Sync="TRUE">Single</attrtype>
				<attwidth Sync="TRUE">13</attwidth>
				<atprecis Sync="TRUE">0</atprecis>
				<attscale Sync="TRUE">0</attscale>
			</attr>
			<attr>
				<attrlabl Sync="TRUE">prplepmoe</attrlabl>
				<attalias Sync="TRUE">prplepmoe</attalias>
				<attrtype Sync="TRUE">Single</attrtype>
				<attwidth Sync="TRUE">13</attwidth>
				<atprecis Sync="TRUE">0</atprecis>
				<attscale Sync="TRUE">0</attscale>
			</attr>
			<attr>
				<attrlabl Sync="TRUE">statuslep</attrlabl>
				<attalias Sync="TRUE">statuslep</attalias>
				<attrtype Sync="TRUE">String</attrtype>
				<attwidth Sync="TRUE">254</attwidth>
				<atprecis Sync="TRUE">0</atprecis>
				<attscale Sync="TRUE">0</attscale>
			</attr>
			<attr>
				<attrlabl Sync="TRUE">totlep</attrlabl>
				<attalias Sync="TRUE">totlep</attalias>
				<attrtype Sync="TRUE">Single</attrtype>
				<attwidth Sync="TRUE">13</attwidth>
				<atprecis Sync="TRUE">0</atprecis>
				<attscale Sync="TRUE">0</attscale>
			</attr>
			<attr>
				<attrlabl Sync="TRUE">totlepmoe</attrlabl>
				<attalias Sync="TRUE">totlepmoe</attalias>
				<attrtype Sync="TRUE">Single</attrtype>
				<attwidth Sync="TRUE">13</attwidth>
				<atprecis Sync="TRUE">0</atprecis>
				<attscale Sync="TRUE">0</attscale>
			</attr>
			<attr>
				<attrlabl Sync="TRUE">poplep</attrlabl>
				<attalias Sync="TRUE">poplep</attalias>
				<attrtype Sync="TRUE">Single</attrtype>
				<attwidth Sync="TRUE">13</attwidth>
				<atprecis Sync="TRUE">0</atprecis>
				<attscale Sync="TRUE">0</attscale>
			</attr>
			<attr>
				<attrlabl Sync="TRUE">poplepmoe</attrlabl>
				<attalias Sync="TRUE">poplepmoe</attalias>
				<attrtype Sync="TRUE">Single</attrtype>
				<attwidth Sync="TRUE">13</attwidth>
				<atprecis Sync="TRUE">0</atprecis>
				<attscale Sync="TRUE">0</attscale>
			</attr>
			<attr>
				<attrlabl Sync="TRUE">totnoneng</attrlabl>
				<attalias Sync="TRUE">totnoneng</attalias>
				<attrtype Sync="TRUE">Single</attrtype>
				<attwidth Sync="TRUE">13</attwidth>
				<atprecis Sync="TRUE">0</atprecis>
				<attscale Sync="TRUE">0</attscale>
			</attr>
			<attr>
				<attrlabl Sync="TRUE">prpnoneng</attrlabl>
				<attalias Sync="TRUE">prpnoneng</attalias>
				<attrtype Sync="TRUE">Single</attrtype>
				<attwidth Sync="TRUE">13</attwidth>
				<atprecis Sync="TRUE">0</atprecis>
				<attscale Sync="TRUE">0</attscale>
			</attr>
			<attr>
				<attrlabl Sync="TRUE">prpnoneng1</attrlabl>
				<attalias Sync="TRUE">prpnoneng1</attalias>
				<attrtype Sync="TRUE">Single</attrtype>
				<attwidth Sync="TRUE">13</attwidth>
				<atprecis Sync="TRUE">0</atprecis>
				<attscale Sync="TRUE">0</attscale>
			</attr>
			<attr>
				<attrlabl Sync="TRUE">prpnoneng2</attrlabl>
				<attalias Sync="TRUE">prpnoneng2</attalias>
				<attrtype Sync="TRUE">Single</attrtype>
				<attwidth Sync="TRUE">13</attwidth>
				<atprecis Sync="TRUE">0</atprecis>
				<attscale Sync="TRUE">0</attscale>
			</attr>
			<attr>
				<attrlabl Sync="TRUE">prpnoneng3</attrlabl>
				<attalias Sync="TRUE">prpnoneng3</attalias>
				<attrtype Sync="TRUE">Single</attrtype>
				<attwidth Sync="TRUE">13</attwidth>
				<atprecis Sync="TRUE">0</atprecis>
				<attscale Sync="TRUE">0</attscale>
			</attr>
			<attr>
				<attrlabl Sync="TRUE">totpov</attrlabl>
				<attalias Sync="TRUE">totpov</attalias>
				<attrtype Sync="TRUE">Single</attrtype>
				<attwidth Sync="TRUE">13</attwidth>
				<atprecis Sync="TRUE">0</atprecis>
				<attscale Sync="TRUE">0</attscale>
			</attr>
			<attr>
				<attrlabl Sync="TRUE">totpovmoe</attrlabl>
				<attalias Sync="TRUE">totpovmoe</attalias>
				<attrtype Sync="TRUE">Single</attrtype>
				<attwidth Sync="TRUE">13</attwidth>
				<atprecis Sync="TRUE">0</atprecis>
				<attscale Sync="TRUE">0</attscale>
			</attr>
			<attr>
				<attrlabl Sync="TRUE">poc</attrlabl>
				<attalias Sync="TRUE">poc</attalias>
				<attrtype Sync="TRUE">Single</attrtype>
				<attwidth Sync="TRUE">13</attwidth>
				<atprecis Sync="TRUE">0</atprecis>
				<attscale Sync="TRUE">0</attscale>
			</attr>
			<attr>
				<attrlabl Sync="TRUE">pocmoe</attrlabl>
				<attalias Sync="TRUE">pocmoe</attalias>
				<attrtype Sync="TRUE">Single</attrtype>
				<attwidth Sync="TRUE">13</attwidth>
				<atprecis Sync="TRUE">0</atprecis>
				<attscale Sync="TRUE">0</attscale>
			</attr>
			<attr>
				<attrlabl Sync="TRUE">prppoc</attrlabl>
				<attalias Sync="TRUE">prppoc</attalias>
				<attrtype Sync="TRUE">Single</attrtype>
				<attwidth Sync="TRUE">13</attwidth>
				<atprecis Sync="TRUE">0</atprecis>
				<attscale Sync="TRUE">0</attscale>
			</attr>
			<attr>
				<attrlabl Sync="TRUE">prppocmoe</attrlabl>
				<attalias Sync="TRUE">prppocmoe</attalias>
				<attrtype Sync="TRUE">Single</attrtype>
				<attwidth Sync="TRUE">13</attwidth>
				<atprecis Sync="TRUE">0</atprecis>
				<attscale Sync="TRUE">0</attscale>
			</attr>
			<attr>
				<attrlabl Sync="TRUE">maxprppoc</attrlabl>
				<attalias Sync="TRUE">maxprppoc</attalias>
				<attrtype Sync="TRUE">Single</attrtype>
				<attwidth Sync="TRUE">13</attwidth>
				<atprecis Sync="TRUE">0</atprecis>
				<attscale Sync="TRUE">0</attscale>
			</attr>
			<attr>
				<attrlabl Sync="TRUE">statuspoc</attrlabl>
				<attalias Sync="TRUE">statuspoc</attalias>
				<attrtype Sync="TRUE">String</attrtype>
				<attwidth Sync="TRUE">254</attwidth>
				<atprecis Sync="TRUE">0</atprecis>
				<attscale Sync="TRUE">0</attscale>
			</attr>
			<attr>
				<attrlabl Sync="TRUE">source</attrlabl>
				<attalias Sync="TRUE">source</attalias>
				<attrtype Sync="TRUE">String</attrtype>
				<attwidth Sync="TRUE">254</attwidth>
				<atprecis Sync="TRUE">0</atprecis>
				<attscale Sync="TRUE">0</attscale>
			</attr>
			<attr>
				<attrlabl Sync="TRUE">Shape_Leng</attrlabl>
				<attalias Sync="TRUE">Shape_Leng</attalias>
				<attrtype Sync="TRUE">Double</attrtype>
				<attwidth Sync="TRUE">19</attwidth>
				<atprecis Sync="TRUE">0</atprecis>
				<attscale Sync="TRUE">0</attscale>
			</attr>
			<attr>
				<attrlabl Sync="TRUE">Shape_Area</attrlabl>
				<attalias Sync="TRUE">Shape_Area</attalias>
				<attrtype Sync="TRUE">Double</attrtype>
				<attwidth Sync="TRUE">19</attwidth>
				<atprecis Sync="TRUE">0</atprecis>
				<attscale Sync="TRUE">0</attscale>
				<attrdef Sync="TRUE">Area of feature in internal units squared.</attrdef>
				<attrdefs Sync="TRUE">Esri</attrdefs>
				<attrdomv>
					<udom Sync="TRUE">Positive real numbers that are automatically generated.</udom>
				</attrdomv>
			</attr>
		</detailed>
	</eainfo>
	<mdDateSt Sync="TRUE">20231016</mdDateSt>
</metadata>
