<?xml version="1.0"?><metadata><idinfo><citation><citeinfo><origin>U.S. Department of Commerce, U.S. Census Bureau, Geography Division, Cartographic Products and Services Branch; Minnesota Department of Transportation; Minnesota Pollution Control Agency</origin><title>MPCA Census Tribal Areas</title>\
                <pubinfo><publish>Minnesota Pollution Control Agency</publish></pubinfo><pubdate>20220629</pubdate><onlink>https://gisdata.mn.gov/dataset/env-ej-mpca-census</onlink></citeinfo></citation><descript><abstract>The Census Tribal Areas represent areas of consideration for MPCA environmental justice efforts. MPCA considers communities within Tribal boundaries as Environmental Justice areas of concern. The spatial data for these boundaries are derived by combining the geographic areas represented in two data sources. The U.S. Census Bureau's 2021 Cartographic Boundary File, Current American Indian/Alaska Native/Native Hawaiian Areas for United States, 1:500,000; and the Minnesota Department of Transportation's Tribal Government in Minnesota.

U.S. Census Bureau, original file: "cb_2021_us_aiannh_500k.shp" 
Minnesota Department of Transportation, original file: "Tribal_Government__in_Minnesota"

The following metadata has been provided by the U.S. Census Bureau: 
The 2021 cartographic boundary shapefiles are simplified representations of selected geographic areas from the U.S. Census Bureau's Master Address File / Topologically Integrated Geographic Encoding and Referencing (MAF/TIGER) Database (MTDB). These boundary files are specifically designed for small-scale thematic mapping. When possible, generalization is performed with the intent to maintain the hierarchical relationships among geographies and to maintain the alignment of geographies within a file set for a given year. Geographic areas may not align with the same areas from another year. Some geographies are available as nation-based files while others are available only as state-based files.

The American Indian/Alaska Native/Native Hawaiian (AIANNH) Areas file includes the following legal entities: federally recognized American Indian reservations and off-reservation trust land areas, state-recognized American Indian reservations, and Hawaiian home lands (HHLs). The statistical entities included are Alaska Native village statistical areas (ANVSAs), Oklahoma tribal statistical areas (OTSAs), tribal designated statistical areas (TDSAs), and state designated tribal statistical areas (SDTSAs). Joint use areas included in this file refer to areas that are administered jointly and/or claimed by two or more American Indian tribes. The Census Bureau designates both legal and statistical joint use areas as unique geographic entities for the purpose of presenting statistical data. Note that tribal subdivisions and Alaska Native Regional Corporations (ANRCs) are additional types of American Indian/Alaska Native areas stored by the Census Bureau, but are displayed in separate files because of how they fall within the Census Bureau's geographic hierarchy. 

The boundaries for federally recognized American Indian reservations and off-reservation trust lands are as of January 1, 2021, as reported by the federally recognized tribal governments through the Census Bureau's Boundary and Annexation Survey (BAS).

The boundaries for state-recognized American Indian reservations and for SDTSAs were delineated by state governor-appointed liaisons for the 2020 Census through PSAP.

The following description is provided by Minnesota Department of Transportation: 
Minnesota interpretation of the boundaries of the federal recognized tribes within Minnesota. For the 12 tribes witin the State of Minnesota. This layer is derived from legal descriptions, but should not be used for survey-grade applications.</abstract><purpose>This data was developed to identify locations that should be considered for MPCA environmental justice efforts. The MPCA defines environmental justice as the fair treatment and meaningful involvement of all people regardless of race, color, national origin, or income with respect to the development, implementation, and enforcement of environmental laws, regulations, and policies. This will be achieved when everyone benefits from the same degree of environmental protection and has equal access to the decision-making processes that contribute to a healthy environment. The MPCA is committed to this goal and integrating environmental justice principles into the work of the agency.</purpose><supplinf>Minnesota</supplinf></descript><timeperd><current>The Census data is current as of the publication date of January 1, 2021. The Minnesota Dept of Transportation data is updated annually in coordination with the U.S. Census Bureau. </current></timeperd><status><progress>Complete</progress></status><spdom><bounding><westbc>-97.23</westbc><eastbc>-89.53</eastbc><northbc>49.37</northbc><southbc>43.5</southbc></bounding></spdom><keywords><theme><themekt>ISO 19115</themekt><themekey>Boundaries, American Indian Area, Cartographic Boundary, State Tribal Statistical Areas</themekey></theme><place><placekey>Minnesota</placekey></place></keywords><accconst>None</accconst><useconst>This information is intended for MPCA planning purposes. These data are subject to interpretation and revision.</useconst><ptcontac><cntinfo><cntperp><cntorg>Minnesota Pollution Control Agency</cntorg><cntper>Data Desk</cntper></cntperp><cntaddr><addrtype>Mailing and Physical</addrtype><address>520 Lafayette Rd</address><city>St. Paul</city><state>MN</state><postal>55155</postal></cntaddr><cntemail>datadesk.mpca@state.mn.us</cntemail></cntinfo></ptcontac></idinfo><dataqual><logic>These data have been audited to ensure every Census Tribal Area and MPCA Environmental Justice Area are included and current as of the publication date. </logic><attracc><attraccr>	These data represent the current state of the MPCA's Assessment Database (ADB) as of the publication date. Every effort is made to ensure that attributes of waterbodies in the ADB are correct.</attraccr></attracc><lineage><procstep><procdesc>The Census Tribal Areas are derived by combining the spatial area of two datasets that represent tribal areas in Minnesota; The U.S. Census Bureau's cb_2021_us_aiannh_500k, and the Minnesota Department of Transportation's Tribal_Government__in_Minnesota. The polygon data were combined using the union tool in ArcGIS. The data is clipped to the Minnesota boundary plus a one mile buffer extending outside of Minnesota. The features are then dissolved on the tribe name attribute value. Once dissolved, the attribute data from the cb_2021_us_aiannh_500k data source is joined back to the dissolved polygon data. </procdesc></procstep></lineage></dataqual><eainfo><detailed><enttyp><enttypl>census_tribal_areas</enttypl><enttypds>U.S. Census Bureau</enttypds></enttyp><attr><attrlabl>OBJECTID</attrlabl><attrdef>Dataset instance feature ID</attrdef><attrdefs>esri</attrdefs></attr><attr><attrlabl>Shape</attrlabl><attrdef>Feature geometry</attrdef><attrdefs>esri</attrdefs></attr><attr><attrlabl>AIANNHCE</attrlabl><attrdef>Current American Indian/Alaska Native/Native Hawaiian area census code</attrdef><attrdefs>U.S. Census Bureau</attrdefs><attrdomv><edom><edomv>0001 to 4799</edomv><edomvd>Federally recognized legal American Indian area</edomvd><edomvds>U.S. Census Bureau</edomvds></edom></attrdomv></attr><attr><attrlabl>AIANNHNS</attrlabl><attrdef>Current American Indian/Alaska Native/Native Hawaiian Area Geographic Names Information System (GNIS) code</attrdef><attrdefs>U.S. Census Bureau</attrdefs><attrdomv><codesetd><codesetn>INCITS 446:2008 (Geographic Names Information System (GNIS)), Identifying Attributes for Named Physical and Cultural Geographic Features (Except Roads and Highways) of the United States, Its Territories, Outlying Areas, and Freely Associated Areas, and the Waters of the Same to the Limit of the Twelve-Mile Statutory Zone</codesetn><codesets>U.S. Geological Survey (USGS)</codesets></codesetd></attrdomv></attr><attr><attrlabl>AFFGEOID</attrlabl><attrdef>American FactFinder summary level code + geovariant code + '00US' + GEOID</attrdef><attrdefs>U.S. Census Bureau</attrdefs><attrdomv><codesetd><codesetn>American FactFinder geographic identifier</codesetn><codesets>U.S. Census Bureau</codesets></codesetd></attrdomv></attr><attr><attrlabl>GEOID</attrlabl><attrdef>American Indian/Alaska Native/Native Hawaiian area identifier, American Indian/Alaska Native/Native Hawaiian area code</attrdef><attrdefs>U.S. Census Bureau</attrdefs><attrdomv><udom>Current American Indian/Alaska Native/Native Hawaiian Area census code found in AIANNHCE</udom></attrdomv></attr><attr><attrlabl>NAME</attrlabl><attrdef>Current American Indian/Alaska Native/Native Hawaiian area name</attrdef><attrdefs>U.S. Census Bureau</attrdefs><attrdomv><udom>Values for this attribute are composed of a set of names. As such, they do not exist in a known, predefined set.</udom></attrdomv></attr><attr><attrlabl>LSAD</attrlabl><attrdef>Current legal/statistical area description code for American Indian/Alaska Native/Native Hawaiian area</attrdef><attrdefs>U.S. Census Bureau</attrdefs><attrdomv><edom><edomv>82</edomv><edomvd>Community (suffix)</edomvd><edomvds>U.S. Census Bureau</edomvds></edom></attrdomv><attrdomv><edom><edomv>86</edomv><edomvd>Reservation (suffix)</edomvd><edomvds>U.S. Census Bureau</edomvds></edom></attrdomv><attrdomv><edom><edomv>89</edomv><edomvd>Trust Land (suffix)</edomvd><edomvds>U.S. Census Bureau</edomvds></edom></attrdomv><attrdomv><edom><edomv>95</edomv><edomvd>Indian Community (suffix)</edomvd><edomvds>U.S. Census Bureau</edomvds></edom></attrdomv></attr><attr><attrlabl>ALAND</attrlabl><attrdef>Current land area (square meters)</attrdef><attrdefs>U.S. Census Bureau</attrdefs><attrdomv><rdom><rdommin>0</rdommin><rdommax>9,999,999,999,999</rdommax><attrunit>square meters</attrunit></rdom></attrdomv></attr><attr><attrlabl>AWATER</attrlabl><attrdef>Current water area (square meters)</attrdef><attrdefs>U.S. Census Bureau</attrdefs><attrdomv><rdom><rdommin>0</rdommin><rdommax>9,999,999,999,999</rdommax><attrunit>square meters</attrunit></rdom></attrdomv></attr><attr><attrlabl>Shape_Length</attrlabl><attrdefs>esri</attrdefs></attr><attr><attrlabl>Shape_Area</attrlabl><attrdefs>esri</attrdefs></attr></detailed></eainfo><distinfo><distliab>Limitations: Although extensive effort has been made to produce error-free and complete data, all geographic information has limitations due to the scale, resolution, date and interpretation of the original source materials. Users should consult available data documentation (metadata) for this particular data to determine limitations and the precision to which the data depict distance, direction, location or other geographic characteristics. Data may be subject to change without prior notification.

No warranty: Data is provided "as is," without any warranty whatsoever, including but not limited to any warranty as to performance, merchantability or fitness for any particular purpose.

Liability: The entire risk as to the results of the use of this data is assumed by the user. MPCA is not responsible for any interpretation or conclusions made by those who acquire or use it. MPCA shall not be liable for any direct, indirect, special, incidental, compensatory or consequential damages or third-party claims resulting from the use of this data, even if MnGeo has been advised of the possibility of such potential loss or damage. In states that do not allow the exclusion or limitation of incidental or consequential damages, this data may not be used.

Redistribution conditions: In obtaining this data from MPCA it is understood that you and/or your organization have the right to use it for any purpose. If you modify it, you are encouraged to apply responsible best practices by documenting those changes in a metadata record. If you transmit or provide the data to another user, it is your responsibility to provide appropriate content, limitation, warranty and liability information as you see fit.</distliab><stdorder><digform><digtinfo><formname>SHP</formname><filedec>PK-ZIP, version 1.93A or higher</filedec></digtinfo><digtopt><onlinopt><computer><networka><networkr>https://www2.census.gov/geo/tiger/GENZ2016/shp/cb_2016_us_aiannh_500k.zip</networkr></networka></computer></onlinopt></digtopt></digform><fees>The online cartographic boundary files may be downloaded without charge.</fees><ordering>MPCA's derived tribal areas data, and the MN Department of Transportation's Tribal Goverment Areas data can be downloaded from the Minnesota Geospatial Commons. 

To obtain more information about ordering U.S. Census Bureau's Cartographic Boundary Files visit https://www.census.gov/geo/www/tiger.</ordering></stdorder><techpreq>The cartographic boundary files contain geographic data only and do not include display mapping software or statistical data. For information on how to use cartographic boundary file data with specific software package users shall contact the company that produced the software.</techpreq><resdesc>MPCA Census Tribal Areas</resdesc><distrib><cntinfo><cntperp><cntorg>Minnesota Pollution Control Agency</cntorg><cntper>Ben Gosack</cntper></cntperp><cntpos>Spatial Data Manager</cntpos><cntaddr><addrtype>mailing and physical</addrtype><address>520 Lafayette Rd</address><city>St. Paul</city><state>MN</state><postal>55155</postal></cntaddr><cntvoice>651-757-2337</cntvoice><cntemail>ben.gosack@state.mn.us</cntemail></cntinfo></distrib></distinfo><metainfo><metd>20220629</metd><metstdn>Minnesota Geographic Metadata Guidelines</metstdn><metstdv>1.2</metstdv><metextns><onlink>http://www.mngeo.state.mn.us/committee/standards/mgmg/metadata.htm</onlink></metextns><metc><cntinfo><cntperp><cntorg>Minnesota Pollution Control Agency</cntorg><cntper>Data Desk</cntper></cntperp><cntaddr><addrtype>mailing and physical</addrtype><address>520 Lafayette Rd</address><city>St. Paul</city><state>MN</state><postal>55155</postal></cntaddr><cntemail>datadesk.mpca@state.mn.us</cntemail></cntinfo></metc></metainfo><spref><horizsys><planar><gridsys><gridsysn>Universal Transverse Mercator</gridsysn><utm><utmzone>15</utmzone></utm></gridsys><planci><plandu>meters</plandu></planci></planar><geodetic><horizdn>NAD83</horizdn><ellips>GRS80</ellips></geodetic></horizsys></spref></metadata>