﻿<?xml version="1.0"?><metadata><idinfo><citation><citeinfo><origin>Minnesota Pollution Control Agency</origin><title>MPCA Environmental Justice Areas of Concern</title><pubinfo><publish>Minnesota Pollution Control Agency</publish></pubinfo><pubdate>20220629</pubdate><onlink>https://gisdata.mn.gov/dataset/env-ej-mpca-census</onlink></citeinfo></citation><spdom><bounding><westbc>-97.23</westbc><eastbc>-89.53</eastbc><northbc>49.37</northbc><southbc>43.5</southbc></bounding></spdom><useconst>This information is intended for MPCA planning purposes and contains a mix of US Census Bureau estimates and MPCA calculations. These data are subject to interpretation and revision. Users should also refer directly to the American Community Survey for data collection techniques and accuracy. </useconst><native>Microsoft Windows 7 Version 6.1 (Build 7601) Service Pack 1; Esri ArcGIS 10.3.1.4959</native><descript><supplinf>Minnesota</supplinf><abstract>This layer represents areas of consideration for MPCA environmental justice efforts. Our goal is to highlight regions where community members are disproportionately impacted by environmental issues. The data fields in this layer are a mix of American Community Survey (ACS) 5-year estimates and calculations performed by MPCA staff. Margins of error are considered when determining potential areas of consideration.

As an attempt to highlight environmental justice areas of concern, we show census tracts where the estimated percentage of the population that identify as people of color is 50% or greater and the estimated percentage of economically disadvantaged community members is 40% or greater. We include language information for each census tract and highlight the top three estimated languages spoken by those who report that they do not speak English well.  

Income Threshold:
The federal government defines poverty thresholds on an annual basis (https://www.census.gov/data/tables/time-series/demo/income-poverty/historical-poverty-thresholds.html ). For MPCA use, we show an income threshold at 1.85 times the federal poverty threshold. 

2020:
1.85 x $13,171 = $24,366 (individual)
1.85 x $26,496 = $49,017 (family of four)</abstract><purpose>This data was developed to identify locations that should be considered for MPCA environmental justice efforts. The MPCA defines environmental justice as the fair treatment and meaningful involvement of all people regardless of race, color, national origin, or income with respect to the development, implementation, and enforcement of environmental laws, regulations, and policies. This will be achieved when everyone benefits from the same degree of environmental protection and has equal access to the decision-making processes that contribute to a healthy environment. The MPCA is committed to this goal and integrating environmental justice principles into the work of the agency.</purpose></descript><keywords><place><placekey>Minnesota</placekey></place><theme><themekt>ISO 19115</themekt><themekey>Minnesota Pollution Control Agency, MPCA, mpca, environmental justice, EJ</themekey></theme></keywords><accconst>None</accconst><timeperd><current>2016-2020 American Community Survey Data</current></timeperd><status><progress>Complete</progress></status><ptcontac><cntinfo><cntperp><cntorg>Minnesota Pollution Control Agency</cntorg><cntper>Data Desk</cntper></cntperp><cntaddr><addrtype>Mailing and Physical Address</addrtype><address>520 Lafayette Rd N</address><city>St. Paul</city><state>MN</state><postal>55155</postal></cntaddr><cntemail>datadesk.mpca@state.mn.us</cntemail></cntinfo></ptcontac></idinfo><eainfo><detailed><enttyp><enttypl>ej_mpca_census</enttypl></enttyp><attr><attrlabl>OBJECTID</attrlabl><attrdef>Dataset instance feature ID</attrdef><attrdefs>esri</attrdefs></attr><attr><attrlabl>Shape</attrlabl><attrdef>Feature geometry</attrdef><attrdefs>esri</attrdefs></attr><attr><attrlabl>statefp</attrlabl><attrdef>State FIPS Code</attrdef><attrdefs>ACS</attrdefs></attr><attr><attrlabl>countyfp</attrlabl><attrdef>County FIPS Code</attrdef><attrdefs>ACS</attrdefs></attr><attr><attrlabl>tractce</attrlabl><attrdef>US Census Bureau census tract code</attrdef><attrdefs>ACS</attrdefs></attr><attr><attrlabl>geoid</attrlabl><attrdef>US Census Bureau geographic identifier</attrdef><attrdefs>ACS</attrdefs></attr><attr><attrlabl>name</attrlabl><attrdef>Variable length geographic area name</attrdef><attrdefs>ACS</attrdefs></attr><attr><attrlabl>namelsad</attrlabl><attrdef>Concatenated variable length geographic area name and legal/statistical area description (LSAD)</attrdef><attrdefs>ACS</attrdefs></attr><attr><attrlabl>mtfcc</attrlabl><attrdef>MAF/TIGER Feature Class Code (MTFCC). 5-digit geographic code</attrdef><attrdefs>ACS</attrdefs></attr><attr><attrlabl>funcstat</attrlabl><attrdef>Functional status (S = Statistical entity)</attrdef><attrdefs>ACS</attrdefs></attr><attr><attrlabl>aland</attrlabl><attrdef>Area in square meters, of land in the census tract</attrdef><attrdefs>ACS</attrdefs></attr><attr><attrlabl>awater</attrlabl><attrdef>Area in square meters, of water in the census tract</attrdef><attrdefs>ACS</attrdefs></attr><attr><attrlabl>intptlat</attrlabl><attrdef>Interpolated latitude of census tract centroid</attrdef><attrdefs>ACS</attrdefs></attr><attr><attrlabl>intptlon</attrlabl><attrdef>Interpolated longitude of census tract centroid</attrdef><attrdefs>ACS</attrdefs></attr><attr><attrlabl>geoiddata</attrlabl><attrdef>US Census Bureau geographic identifier</attrdef><attrdefs>ACS</attrdefs></attr><attr><attrlabl>geography</attrlabl><attrdef>Geographic identifier includes census tract, county, state</attrdef><attrdefs>ACS</attrdefs></attr><attr><attrlabl>totlan</attrlabl><attrdef>ACS (Language: C17002) total population estimate</attrdef><attrdefs>ACS</attrdefs></attr><attr><attrlabl>totengonly</attrlabl><attrdef>ACS (Language: C17002) population estimate speaks English only</attrdef><attrdefs>ACS</attrdefs></attr><attr><attrlabl>nonenglan1</attrlabl><attrdef>ACS (Language: C17002) 1st most common language spoken by population who does not speak English well</attrdef><attrdefs>ACS</attrdefs></attr><attr><attrlabl>nonenglan2</attrlabl><attrdef>ACS (Language: C17002) 2nd most common language spoken by population who does not speak English well</attrdef><attrdefs>ACS</attrdefs></attr><attr><attrlabl>nonenglan3</attrlabl><attrdef>ACS (Language: C17002) 3rd most common language spoken by population who does not speak English well</attrdef><attrdefs>ACS</attrdefs></attr><attr><attrlabl>nonengpop1</attrlabl><attrdef>ACS (Language: C17002) estimated population who does not speak English well and speaks 1st most common language</attrdef><attrdefs>ACS</attrdefs></attr><attr><attrlabl>nonengpop2</attrlabl><attrdef>ACS (Language: C17002) estimated population who does not speak English well and speaks 2nd most common language</attrdef><attrdefs>ACS</attrdefs></attr><attr><attrlabl>nonengpop3</attrlabl><attrdef>ACS (Language: C17002) estimated population who does not speak English well and speaks 3rd most common language</attrdef><attrdefs>ACS</attrdefs></attr><attr><attrlabl>totnoneng</attrlabl><attrdef>ACS (Language: C17002) total population estimate that does not speak English well (calculated)</attrdef><attrdefs>ACS</attrdefs></attr><attr><attrlabl>prpnoneng</attrlabl><attrdef>ACS (Language: C17002) estimated percent of population who does not speak English well (calculated)</attrdef><attrdefs>ACS</attrdefs></attr><attr><attrlabl>prpnoneng1</attrlabl><attrdef>ACS (Language: C17002) estimated percent of population who does not speak English well and speaks 1st most common language (calculated)</attrdef><attrdefs>ACS</attrdefs></attr><attr><attrlabl>prpnoneng2</attrlabl><attrdef>ACS (Language: C17002) estimated percent of population who does not speak English well and speaks 2nd most common language (calculated)</attrdef><attrdefs>ACS</attrdefs></attr><attr><attrlabl>prpnoneng3</attrlabl><attrdef>ACS (Language: C17002) estimated percent of population who does not speak English well and speaks 3rd most common language (calculated)</attrdef><attrdefs>ACS</attrdefs></attr><attr><attrlabl>maxprp185x</attrlabl><attrdef>ACS (Poverty: C17002) maximum estimated percent of population under 185% of the federal poverty level (calculated)</attrdef><attrdefs>ACS</attrdefs></attr><attr><attrlabl>prp185x</attrlabl><attrdef>ACS (Poverty: C17002) estimated percent of population under 185% of the federal poverty level  (calculated)</attrdef><attrdefs>ACS</attrdefs></attr><attr><attrlabl>prp185xmoe</attrlabl><attrdef>ACS (Poverty: C17002) margin of error for population under 185% of the federal poverty level estimate (calculated)</attrdef><attrdefs>ACS</attrdefs></attr><attr><attrlabl>status185x</attrlabl><attrdef>ACS (Poverty: C17002) 40% or more of estimate population under 185% of the federal poverty level, based on maxprp185x (calculated)</attrdef><attrdefs>ACS</attrdefs></attr><attr><attrlabl>totpov</attrlabl><attrdef>ACS (Poverty: C17002) total population estimate</attrdef><attrdefs>ACS</attrdefs></attr><attr><attrlabl>totpovmoe</attrlabl><attrdef>ACS (Poverty: C17002) margin of error for total population estimate</attrdef><attrdefs>ACS</attrdefs></attr><attr><attrlabl>pop185x</attrlabl><attrdef>ACS (Poverty: C17002) population estimate under 185% of the federal poverty level</attrdef><attrdefs>ACS</attrdefs></attr><attr><attrlabl>pop185xmoe</attrlabl><attrdef>ACS (Poverty: C17002) margin of error for population estimate under 185% of the federal poverty level</attrdef><attrdefs>ACS</attrdefs></attr><attr><attrlabl>tot</attrlabl><attrdef>ACS (Race/Latino Origin: B03002) total population estimate</attrdef><attrdefs>ACS</attrdefs></attr><attr><attrlabl>totmoe</attrlabl><attrdef>ACS (Race/Latino Origin: B03002) margin of error for total population estimate</attrdef><attrdefs>ACS</attrdefs></attr><attr><attrlabl>poc</attrlabl><attrdef>ACS (Race/Latino Origin: B03002) population estimate, identify as people of color (calculated)</attrdef><attrdefs>ACS</attrdefs></attr><attr><attrlabl>pocmoe</attrlabl><attrdef>ACS (Race/Latino Origin: B03002) margin of error for population estimate, identify as people of color (calculated)</attrdef><attrdefs>ACS</attrdefs></attr><attr><attrlabl>prppoc</attrlabl><attrdef>ACS (Race/Latino Origin: B03002) percent of population estimate, identify as people of color (calculated)</attrdef><attrdefs>ACS</attrdefs></attr><attr><attrlabl>prppocmoe</attrlabl><attrdef>ACS (Race/Latino Origin: B03002) margin of error for percent of population estimate, identify as people of color (calculated)</attrdef><attrdefs>ACS</attrdefs></attr><attr><attrlabl>maxprppoc</attrlabl><attrdef>ACS (Race/Latino Origin: B03002) maximum estimated percent of population that identify as people of color (calculated)</attrdef><attrdefs>ACS</attrdefs></attr><attr><attrlabl>statuspoc</attrlabl><attrdef>ACS (Race/Latino Origin: B03002) max estimated population that identify as people of color is 50% or more, based on maxprppoc (calculated)</attrdef><attrdefs>ACS</attrdefs></attr><attr><attrlabl>source</attrlabl><attrdef>Version of ACS 5-year summary</attrdef></attr><attr><attrlabl>Shape_Length</attrlabl><attrdefs>esri</attrdefs></attr><attr><attrlabl>Shape_Area</attrlabl><attrdefs>esri</attrdefs></attr></detailed></eainfo><distinfo><distliab>Limitations: Although extensive effort has been made to produce error-free and complete data, all geographic information has limitations due to the scale, resolution, date and interpretation of the original source materials. Users should consult available data documentation (metadata) for this particular data to determine limitations and the precision to which the data depict distance, direction, location or other geographic characteristics. Data may be subject to change without prior notification. 

		No warranty: Data is provided "as is," without any warranty whatsoever, including but not limited to any warranty as to performance, merchantability or fitness for any particular purpose. 

		Liability: The entire risk as to the results of the use of this data is assumed by the user. MPCA is not responsible for any interpretation or conclusions made by those who acquire or use it. MPCA shall not be liable for any direct, indirect, special, incidental, compensatory or consequential damages or third-party claims resulting from the use of this data, even if MnGeo has been advised of the possibility of such potential loss or damage. In states that do not allow the exclusion or limitation of incidental or consequential damages, this data may not be used. 

		Redistribution conditions: In obtaining this data from MPCA it is understood that you and/or your organization have the right to use it for any purpose. If you modify it, you are encouraged to apply responsible best practices by documenting those changes in a metadata record. If you transmit or provide the data to another user, it is your responsibility to provide appropriate content, limitation, warranty and liability information as you see fit</distliab><resdesc>MPCA Environmental Justice - Areas of Concern</resdesc><stdorder><ordering>The resource is available for download through the Minnesota Geospatial Commons. </ordering></stdorder><distrib><cntinfo><cntperp><cntorg>Minnesota Pollution Control Agency</cntorg><cntper>Ben Gosack</cntper></cntperp><cntpos>Spatial Data Manager</cntpos><cntaddr><addrtype>mailing and physical</addrtype><address>520 Lafayette Rd</address><city>St. Paul</city><state>MN</state><postal>55155</postal></cntaddr><cntvoice>651-757-2337</cntvoice><cntemail>ben.gosack@state.mn.us</cntemail></cntinfo></distrib></distinfo><metainfo><metstdv>1.2</metstdv><mettc>local time</mettc><metextns><onlink>http://www.mngeo.state.mn.us/committee/standards/mgmg/metadata.htm</onlink></metextns><metstdn>Minnesota Geographic Metadata Guidelines</metstdn><metd>20220629</metd><metc><cntinfo><cntperp><cntorg>Minnesota Pollution Control Agency</cntorg><cntper>Data Desk</cntper></cntperp><cntaddr><addrtype>mailing and physical</addrtype><address>520 Lafayette Rd N</address><city>St. Paul</city><state>MN</state><postal>55155</postal></cntaddr><cntemail>datadesk.mpca@state.mn.us</cntemail></cntinfo></metc></metainfo><dataqual><logic>These data have been audited to ensure every Census Tribal Area and MPCA Environmental Justice Area are included and current as of the publication date.</logic><complete>The cartographic boundary files are generalized representations of extracts taken from the MAF/TIGER Database. Generalized boundary files are clipped to a simplified version of the U.S. outline. As a result, some off-shore areas may be excluded from the generalized files. Some small geographic areas, holes, or discontiguous parts of areas may not be included in generalized files if they are not visible at the target scale.</complete><posacc><horizpa><horizpar>Data are generalized representations of geographic boundaries at 1:500,000.
</horizpar></horizpa></posacc></dataqual><spref><horizsys><planar><gridsys><gridsysn>Universal Transverse Mercator</gridsysn><utm><utmzone>15</utmzone></utm></gridsys><planci><plandu>meters</plandu></planci></planar><geodetic><horizdn>NAD83</horizdn><ellips>GRS80</ellips></geodetic></horizsys></spref></metadata>