﻿<?xml version="1.0"?><metadata><idinfo><citation><citeinfo><origin>Minnesota Pollution Control Agency</origin><title>MPCA Environmental Justice</title><pubinfo><publish>Minnesota Pollution Control Agency</publish></pubinfo><pubdate>20220629</pubdate><onlink>https://gisdata.mn.gov/dataset/env-ej-mpca-census</onlink></citeinfo></citation><descript>MPCA Environmental Justice
            <abstract>This resouce contains two spatial datasets. 

&lt;a href="ej_mpca_census.html"&gt;MPCA Environmental Justice Areas&lt;/a&gt;
&lt;a href="census_tribal_areas.html"&gt;MPCA Census Tribal Areas&lt;/a&gt;

These data represent areas of consideration for MPCA environmental justice efforts. Our goal is to highlight regions where community members are disproportionately impacted by environmental issues. The data fields in this layer are a mix of American Community Survey (ACS) 5-year estimates and calculations performed by MPCA staff. Margins of error are considered when determining potential areas of consideration.

As an attempt to highlight environmental justice areas of concern, we show census tracts where the estimated percentage of the population that identify as people of color is 40% or greater, the estimated percentage of economically disadvantaged community members is 35% or greater, as well as the estimated percentage of the population that has limited English proficiency is 40% or greater. We also include language information for each census tract and highlight the top three estimated languages spoken by those who report that they do not speak English well.

Income Threshold:
The federal government defines poverty thresholds on an annual basis (https://www.census.gov/data/tables/time-series/demo/income-poverty/historical-poverty-thresholds.html). For MPCA use, we show an income threshold at 2 times the federal poverty threshold. 

2021:
2 x $13,788 = $27,576 (individual)
2 x $27,740 = $55,480 (family of four)

This resource also contains Tribal Areas. These areas are derived by taking the maximum extent of two spatial datasets: the U.S. Census Bureau's 2022 TIGER/Line Shapefiles, Current American Indian/Alaska Native/Native Hawaiian Areas for United States; and Minnesota Department of Transportation's Tribal Government in Minnesota.</abstract><purpose>This data was developed to identify locations that should be considered for MPCA environmental justice efforts. The MPCA defines environmental justice as the fair treatment and meaningful involvement of all people regardless of race, color, national origin, or income with respect to the development, implementation, and enforcement of environmental laws, regulations, and policies. This will be achieved when everyone benefits from the same degree of environmental protection and has equal access to the decision-making processes that contribute to a healthy environment. The MPCA is committed to this goal and integrating environmental justice principles into the work of the agency.</purpose><supplinf>Minnesota</supplinf></descript><purpose>This data was developed to identify locations that should be considered for MPCA environmental justice efforts. The MPCA defines environmental justice as the fair treatment and meaningful involvement of all people regardless of race, color, national origin, or income with respect to the development, implementation, and enforcement of environmental laws, regulations, and policies. This will be achieved when everyone benefits from the same degree of environmental protection and has equal access to the decision-making processes that contribute to a healthy environment. The MPCA is committed to this goal and integrating environmental justice principles into the work of the agency.</purpose><supplinf>Minnesota</supplinf><timeperd><current>2017-2021 American Community Survey Data</current></timeperd><status><progress>Complete</progress><update>Annually</update></status><spdom><bounding><westbc>-97.23</westbc><eastbc>-89.53</eastbc><northbc>49.37</northbc><southbc>43.5</southbc></bounding></spdom><keywords><place><placekey>Minnesota</placekey></place><theme><themekt>ISO 19115</themekt><themekey>environment, environmental justice, minnesota pollution control agency, census boundaries, location</themekey></theme></keywords><accconst>None</accconst><useconst>This information is intended for MPCA planning purposes and contains a mix of US Census Bureau estimates and MPCA calculations. These data are subject to interpretation and revision. Users should also refer directly to the American Community Survey for data collection techniques and accuracy.</useconst><crossref><citeinfo><title>TIGER/Line Census Tracts, TIGER/Line AIANNH, MNDoT Tribal Governments in Minnesota</title></citeinfo></crossref><ptcontac><cntinfo><cntperp><cntorg>Minnesota Pollution Control Agency</cntorg><cntper>Data Desk</cntper></cntperp><cntaddr><addrtype>Mailing and Physical</addrtype><address>520 Lafayette Rd</address><city>St. Paul</city><state>MN</state><postal>55155</postal></cntaddr><cntemail>datadesk.mpca@state.mn.us</cntemail></cntinfo></ptcontac></idinfo><dataqual><logic>These data have been audited to ensure every Census Tribal Area and MPCA Environmental Justice Area are included and current as of the publication date. </logic><complete>The cartographic boundary files are generalized representations of extracts taken from the MAF/TIGER Database. Generalized boundary files are clipped to a simplified version of the U.S. outline. As a result, some off-shore areas may be excluded from the generalized files. Some small geographic areas, holes, or discontiguous parts of areas may not be included in generalized files if they are not visible at the target scale.</complete></dataqual><distinfo><resdesc>MPCA Environmental Justice</resdesc><distliab>Limitations: Although extensive effort has been made to produce error-free and complete data, all geographic information has limitations due to the scale, resolution, date and interpretation of the original source materials. Users should consult available data documentation (metadata) for this particular data to determine limitations and the precision to which the data depict distance, direction, location or other geographic characteristics. Data may be subject to change without prior notification.

No warranty: Data is provided "as is," without any warranty whatsoever, including but not limited to any warranty as to performance, merchantability or fitness for any particular purpose.

Liability: The entire risk as to the results of the use of this data is assumed by the user. MPCA is not responsible for any interpretation or conclusions made by those who acquire or use it. MPCA shall not be liable for any direct, indirect, special, incidental, compensatory or consequential damages or third-party claims resulting from the use of this data, even if MnGeo has been advised of the possibility of such potential loss or damage. In states that do not allow the exclusion or limitation of incidental or consequential damages, this data may not be used.

Redistribution conditions: In obtaining this data from MPCA it is understood that you and/or your organization have the right to use it for any purpose. If you modify it, you are encouraged to apply responsible best practices by documenting those changes in a metadata record. If you transmit or provide the data to another user, it is your responsibility to provide appropriate content, limitation, warranty and liability information as you see fit.</distliab><stdorder><ordering>The resource is available for download through the Minnesota Geospatial Commons. </ordering></stdorder><distrib><cntinfo><cntperp><cntorg>Minnesota IT Services, Partnering with Pollution Control Agnecy (MNIT@MPCA)</cntorg><cntper>Ben Gosack</cntper></cntperp><cntpos>Spatial Data Manager</cntpos><cntaddr><addrtype>mailing and physical</addrtype><address>520 Lafayette Rd N</address><city>St. Paul</city><state>MN</state><postal>55155</postal></cntaddr><cntvoice>651-757-2337</cntvoice><cntemail>ben.gosack@state.mn.us</cntemail></cntinfo></distrib></distinfo><metainfo><metd>20230629</metd><metstdn>Minnesota Geographic Metadata Guidelines</metstdn><metstdv>1.2</metstdv><metextns><onlink>http://www.mngeo.state.mn.us/committee/standards/mgmg/metadata.htm</onlink></metextns><metc><cntinfo><cntperp><cntorg>Minnesota Pollution Control Agency</cntorg><cntper>Data Desk</cntper></cntperp><cntaddr><addrtype>mailing and physical</addrtype><address>520 Lafayette Rd</address><city>St. Paul</city><state>MN</state><postal>55155</postal></cntaddr><cntemail>datadesk.mpca@state.mn.us</cntemail></cntinfo></metc></metainfo><spref><horizsys><planar><gridsys><gridsysn>Universal Transverse Mercator</gridsysn><utm><utmzone>15</utmzone></utm></gridsys><planci><plandu>meters</plandu></planci></planar><geodetic><horizdn>NAD83</horizdn><ellips>GRS80</ellips></geodetic></horizsys></spref></metadata>