﻿<?xml version="1.0"?><metadata><idinfo><citation><citeinfo><origin>Minnesota Legislative Coordinating Commission - Geographic Information Services Office (LCC- GIS)</origin><title>Legislative Senate District Boundaries, Minnesota, 2022</title><pubinfo><publish>Legislative Coordinating Commission - Geographic Information Service (LCC- GIS)</publish></pubinfo><pubdate>2022</pubdate><onlink>https://gisdata.mn.gov/dataset/bdry-senatedistricts2022</onlink></citeinfo></citation><descript><abstract>This is a polygon data set of the 2022 Legislative Senate District Boundaries. It displays district numbers. Includes senate districts associated census attribute data. It was derived from U.S. Census Bureau 2020 TIGER/Line files as a result of 2020 redistricting efforts.</abstract><purpose>This data was created to display current Legislative Senate District boundaries and to allow geographical review/analysis adhereing to MN Legislative Senate District boundaries.</purpose><supplinf>State of Minnesota</supplinf></descript><browse><browsen>https://www.gis.lcc.mn.gov/redist2020/Legislative/L2022/senate/maps/Statewide.pdf</browsen><browsed>Statewide view of Legislative Senatel District Boundaries</browsed></browse><timeperd><current>This file is current as of 2020 Census Bureau redistricting efforts. Boundary updates are completed every decennial census.</current><timeinfo><sngdate><caldate>2022</caldate></sngdate></timeinfo></timeperd><status><progress>Complete</progress><update>As needed</update></status><spdom><bounding><westbc>-97.23</westbc><eastbc>-89.53</eastbc><northbc>49.37</northbc><southbc>43.5</southbc></bounding></spdom><keywords><place><placekey>Minnesota, MN</placekey></place><theme><themekt>bdry</themekt><themekey>Minnesota, Senate, Legislative, Districts, 2022, Boundaries</themekey></theme></keywords><accconst>None</accconst><useconst>None</useconst><crossref><citeinfo><title>MN Congressional Districts, MN House Districts, TIGER/Line files</title></citeinfo></crossref><ptcontac><cntinfo><cntperp><cntorg>Minnesota Legislative Coordinating Commission - Geographic Information Services Office (LCC-GIS)</cntorg><cntper>Lee Meilleur</cntper></cntperp><cntpos>Director</cntpos><cntaddr><addrtype>Mailling and Physical</addrtype><address>100 Martin Luther King, Jr. Blvd., Suite 55</address><city>St. Paul</city><state>MN</state><postal>55155</postal></cntaddr><cntvoice>651-296-0098</cntvoice><cntfax>651-297-3699</cntfax><cntemail>lee.meilleur@gis.leg.mn</cntemail></cntinfo></ptcontac></idinfo><spref><vertdef><altsys><altdatum>NAVD88 (Geoid 03)</altdatum><altunits>meters</altunits></altsys><depthsys><depthdn>not applicable</depthdn></depthsys></vertdef><horizsys><planar><gridsys><gridsysn>Universal Transverse Mercator</gridsysn><utm><utmzone>15</utmzone></utm></gridsys><planci><plandu>meters</plandu></planci></planar><geodetic><horizdn>NAD83</horizdn><ellips>GRS80</ellips></geodetic></horizsys></spref><dataqual><complete>Complete Statewide</complete><logic>None</logic><posacc><horizpa><horizpar>No assessment completed.</horizpar></horizpa><vertacc><vertaccr>No assessment completed.</vertaccr></vertacc></posacc><lineage><procstep><procdesc>A block equivalency file for Legislative Senate Districts was received from the Minnesota Supreme Court Special Redistricting Panel. Using Maptitude Software a  Senate Districts boundary file was created in Caliper format. This file was then converted into a shapefile. This database of Legislative Senate District Boundaries was developed from U.S. Census Bureau 2020 TIGER/Line files. The attributes associated with the Legislative House District boundaries represent census demographic information. Certain attribute fields were added to calculate percentages based on the census data. This was completed by dissolving census block boundaries to the established Legislative Senate District boundaries.This dataset includes the technical corrections ordered by the Secetary of State. You can view the Secretary of State Techincal Correction orders here: https://www.gis.lcc.mn.gov/pdf/redist2020/SOS_Technical_Correction_Orders.zip</procdesc></procstep></lineage><attracc><attraccr>Attributes represent census block demographic information</attraccr></attracc></dataqual><eainfo><overview><eaover>"ID"
"Area" 
''DISTRICT'' - District Number
''POPULATION'' - Population 2020
''NH_WHT'' - Non-Hispanic White 
''HISPANIC_O'' - Hispanic Origin 
''NH_DOJ_BLK'' - Non-Hispanic (Department of Justice) Black 
''NH_DOJ_IND'' - Non-Hispanic (Department of Justice) Indian 
''NH_DOJ_ASN'' - Non-Hispanic (Department of Justice) Asian 
''NH_DOJ_HWN'' - Non-Hispanic (Department of Justice) Hawaiian 
''NH_DOJ_OTH'' - Non-Hispanic (Department of Justice) Other Race 
''NH_DOJ_OT1'' - Non-Hispanic (Department of Justice) Other Multi Race
''H18_POP'' - 18+ Hispanic Population 
''NH18_DOJ_B'' - 18+ Non-Hispanic (Department of Justice) Black 
''NH18_DOJ_I'' - 18+ Non-Hispanic (Department of Justice) Indian 
''NH18_DOJ_A'' - 18+ Non-Hispanic (Department of Justice) Asian
''NH18_DOJ_H'' - 18+ Non-Hispanic (Department of Justice) Hawaiian 
''NH18_DOJ_O'' - 18+ Non-Hispanic (Department of Justice) Other Race
''NH18_DOJ_1'' 18+ Non-Hispanic (Department of Justice) Other Multi Race
''NH18_WHT'' 18+ Non-Hispanic White
''F18_POP'' - 18+ Population 2020 

''Black'' - Non Hispanic Black or African American + Non Hispanic Black or African American and White
''Asian'' - Non Hispanic Asian + Non Hispanic Asian and White
''Hispanic'' - Hispanic of Any Race
''Indian'' - Non Hispanic American Indian and Alaska Native + Non Hispanic American Indian and Alaska Native and White
''Other'' - Non Hispanic Some Other Race
''Other Multi Race'' - Where more than one minority race is listed</eaover></overview></eainfo><distinfo><resdesc>sen2022-1</resdesc><distliab>The Geographic Information System (GIS) Data to which this notice is attached are made available pursuant to the Minnesota Government Data Practices Act (Minnesota Statutes Chapter 13). THE GIS DATA ARE PROVIDED TO YOU AS IS AND WITHOUT ANY WARRANTY AS TO THEIR PERFORMANCE, MERCHANTABILITY, OR FITNESS FOR ANY PARTICULAR PURPOSE. The GIS Data were developed by the LCC - GIS Office for its own internal business purposes. The LCC - GIS Office does not represent or warrant that the GIS Data or the data documentation are error-free, complete, current, or accurate. You are responsible for any consequences resulting from your use of the GIS Data or your reliance on the GIS Data. You should consult the data documentation for this particular GIS Data to determine the limitations of the GIS Data and the precision with which the GIS Data may depict distance, direction, location, or other geographic features. If you transmit or provide the GIS Data (or any portion of it) to another user, the GIS Data must include a copy of this disclaimer.</distliab><stdorder><ordering>Please visit the download page for this dataset on the Minnesota Geospatial Commons website using the web lin below (Online Linkage).</ordering></stdorder><distrib><cntinfo><cntperp><cntorg>Minnesota Legislative Coordinating Commission - Geographic Information Services Office (LCC-GIS)</cntorg><cntper>Lee Meilleur</cntper></cntperp><cntpos>Director</cntpos><cntaddr><addrtype>mailing and physical</addrtype><address>100 Martin Luther King, Jr. Blvd., Suite 55</address><city>St. Paul</city><state>MN</state><postal>55155</postal></cntaddr><cntvoice>651-296-0098</cntvoice><cntfax>651-297-3699</cntfax><cntemail>lee.meilleur@gis.leg.mn</cntemail></cntinfo></distrib></distinfo><metainfo><metd>20220712</metd><metstdn>Minnesota Geographic Metadata Guidelines</metstdn><metstdv>1.2</metstdv><metextns><onlink>http://www.mngeo.state.mn.us/committee/standards/mgmg/metadata.htm</onlink></metextns><metc><cntinfo><cntperp><cntorg>Minnesota Legislative Coordinating Commission - Geographic Information Services Office (LCC-GIS)</cntorg><cntper>Lee Meilleur</cntper></cntperp><cntpos>Director</cntpos><cntaddr><addrtype>mailing and physical</addrtype><address>100 Martin Luther King, Jr. Blvd., Suite 55</address><city>St. Paul</city><state>MN</state><postal>55155</postal></cntaddr><cntvoice>651-296-0098</cntvoice><cntfax>651-297-3699</cntfax><cntemail>lee.meilleur@gis.leg.mn</cntemail></cntinfo></metc></metainfo></metadata>